{"file_hashes":[{"block_hashes":["rSauqbXtM4lfb4TVKT1NVsXGgKzd1Ysn1nk5rJ1GCJE=","mpDj8qT/scN+YxHOp+ScJKptHZOK5LWmcEOVc1LueWU=","fvVyaH3K7UjFhelN+c5ALkHGrAlf8ttQBrw98Hva4ik=","tby93n1T+A7o+CyugA6gswsuHna9O0zj4hPOHpfIjkM=","WB+HhVS+UPP2LC670ewuK0dl7HGRZRWV9Zrh6Zuzjas=","logpn2SXHDeplYMGclNda/6KfrWVZlD9wt7nxyVFMFY="],"block_size":4096,"path":"background.js"},{"block_hashes":["3vPeckx2p0jAFT4rEy2WAe9gagn5MRZd1KeXoPToPlQ="],"block_size":4096,"path":"content_scripts/content_scripts.css"},{"block_hashes":["zKw6n057zEjRhgg8vT8uBP1SpHRqwjlYn3fC8FOsMpY=","gJQcGMJqPE0s+2GRYQoMVU9gyYPI7RLL5aUZFpvZa0g=","qbD5TjiREZfblcAO37HLTJkPtyuX7TbrHDUTZZlJWoo="],"block_size":4096,"path":"content_scripts/content_scripts.js"},{"block_hashes":["VkeDe68U+ZYBu4cUUbweywABluGit2aIpdRZ5cSGZBY=","8FATXOBMEL6wE94FNyo3XZ7SuQqnP7t4X/S1udFKl2w="],"block_size":4096,"path":"content_scripts/front.js"},{"block_hashes":["dkYs+jmwi8wbplUgtF10Z0qdcmbCWTjezzerxpwUKgk=","pW6m1Squhnd2H/0JeM8voEHNBxalbkb5u6nKqWSx/Cc=","SlJBQdZ5jT4YRBIs5tA3mC85X077GeeiHa1y2oD2FS8=","a4OC/8+AWBmUdwHEWUVRO1kIyQx1x5v6iAc50yjQ2Uc=","4ni6XrCOjERVo6vVl/VTyEnVXeGFJICRiD+54/ZzbF8=","coEAxHTp3CwIvSANXM3jix04FEt6qRwUNj0FFduHwno=","JWdKKMEdiaNhV6/W431MvbIVDfKzUx132V0V/qnOoqU=","5xGMBmTbRPJV6LOZeHOxkCKM2hqe67al0zaUvGn76JI=","Qs3ThsxCuhizl+3v2G1o05VlwkAigpzFDK8mymgDyl4=","XhYl7BwUAnXtiM9qvSaCKbSaBURSKnX4k8snStTmkrk=","/AFQTRG8dg6ZeOI2sW7jzGKC+J45XkzAKrUHLD4oPlU=","I6W52b2Qpd37XGM9VPtVSq4HX9SUh2GaAuIp4jyMx24=","KaoexPTwuKKbY6f8Y1t8kt/Gt9mau8JP/9SCEauhSNU=","Nx1omOeAM1Cgc/eVUsqorbK7wVWu2FUjO5cKtWlFHUg=","jxPEv4b/lMYroNT/ky9cTWUY+yP6xYyDS9QnYSsHhus=","nalf+9MbRf+1Utp7lrXGodXNckXey4ML1f2GxJYclIU=","gRb42slnz/91RZ6g1nJKa05JByONGAoPMgDFD3a9yfM=","Wys38olSOOwXy0mv+WQSReR5/xrN49K0o10Pfvdi1K4=","G/+NXOPrBKARuMdCzVHWU9PohHzQM60UHjwsiwAjAWw=","UM0j52tsSf7eDLrw/1ZHgn3WN9aImM5ZvXHhTPksJG0=","Tr9pT0mA1kHNoKgRKH3tQPVLSHVi0VJ+NWBtrHh4sSA=","uncW673UUK22ZGJz/pXUBu8+Zis7UT/ZR4aR2+nK4Ew=","wNQY9GyY94GrouBEVtrD5nBbfEynBTj/HjeAWNsA0NU="],"block_size":4096,"path":"content_scripts/modules.min.js"},{"block_hashes":["DMKH3SDoUcSvjs2FRncfHKuA6ss8JlDCVaPksgf7tik=","eFyRzBFzmXFLYOlHr/CcOEg3tstcc/BHGlXyBGny7rM="],"block_size":4096,"path":"icons/48-x.png"},{"block_hashes":["VUvsAAuCcBLPKLqIefnLD4Fse7ksNbO6U7zhs8MrSRs=","QLhONOuswKSKHNLgEk6Z7sL6/RJ/3c+DYKRsL8RCWFA=","q/t6X9UOuCo3isbbyZFASuSTpvlbpUoDlEdo/D+zMMY=","ZyoDjL6MIjEmAyMO+aHuMFYO7QlKQ3UOoJ5ZXu1BZNo=","XO936Mu8/ihKWC2sdD1znZP0OfC+cErBd1qUnyh6DNc=","qGIho/iyNmnMofpNAMBNlRnztXebLn/lyby9G4OVVBk=","1jAv4JEFmBnXFE9jliiM9El2mCptx8Q6BC9qTQ3tJj4=","wEvoU2hGmETWL/hYpY/zRhyJMAD6PqN+78a4sFGr25I=","BwEGcjfOlw+W/Q8Qcczj7gYnYfNcKE2f4tV4atNyoJo=","W9fDGqiuK8J9FNZWDd+XrY3kl3OATo79THQd+/ctw/Q=","muwh8bOAPooZDGyuvm8RaWncnJt65JLu4Ysh7RWCF2M=","KdCF+RDZI9PgGacrWrH8Nl40tlECSHJ9tOKGyg9GblQ=","avtX2lYRFJwGFBKG+fdIi1U1f8zT4eoF7N+b8VvNjC8=","fXyf6svrgRu+KDFg/dh9KeMgyZcNYkz3fjBukM27tTI=","O0ASW466KFXozwIGTyVfoseBzw/j+WjqI6LpEAHgm34=","Jj5mdpoBzAuOtMyvmGxMynEMnfbuTrdWoNWHVwq+2uY=","QHWSG2xDHus+xlB2CcNMSSQ7pD/LqT6zp1v9Tvpk98Y=","V9I6DB9xPGAbsStXyur59hy/XXM4z+zfibHjnMkK+Ek=","OZB5fFiS2IESpQwQGIGw44KVXDiUfS03dv5OaVs7BSk=","fckz7fyxA+yCGNm+kGIqFMoix/VOLmb4T++EN1Bkh3s=","Fnuri0XKD4Fv8kucvzVPMdINXumyqzO/blqAoWMlwsg=","bzpIR3kxlA/30+e0GpdXVphWmLK9l2I9K7NozKBrEzw=","oGEtq8TRzTlXvTrlmFxGHuhTZ9jFO/gpeuf+ePw9eWM=","cmKHocvSJU24Hf48pWO470e+UNzcW9cB4rRkvvrPDmE=","50IbAaRmBnhnpoD65clMicBYhH81HgSnfJ05kiUXPeQ=","+k5+GD5OH7HgCPzBRxWf8dMLdIqsct9JGmstMLVDc4Q=","IPWL60kkmmzhYOLdCzrxpVwR6C6kAe4i0V4iT8Fg6+A=","rn6xplY7rOmh2wN21+M/RMigU6r+h8JYmgieiJfAlGE=","rYvEkb1AOxjfII7Q80ER/KMGJ3pcu2Z+LhyX89n3/no=","UHmIAFZK2mNk29BIFduYyk5K5C+igyxaY27NpX/+AdU=","olUZoiOgO78/YjoKpdGtguHfMPuqwAg6zuRpadtphYY=","gUn9/qLTq698X1WsTEbHjUirT+4UpFQBWGLwApN6BHM=","auvkJiz9b5Lv08ozsauJV7I5+4YOqYM497MzgkEfGio=","2impvIvXitM+sCrDZuDReJ9uHqiaX1hyGQt/aaYEu3o=","+RbT+vyYPszu1fMbFu+ACx67Dv9dlPUjJOW1tRxoYgs=","nCm9crIaRdDml1ecEabCiSueGW44SmkQ+pPM6R9Ikhw=","pD3BOHBqWPcvt395LtkwhZb0WYfvgLllKYnOTrMajNg=","YWbgBlATvZVbfWBKtqAEvDP5W1YfHLJ523HnNsLneuM=","c6ijsiLBzMHOwsjdBI5iGXYPR1PAOaGH5Zyw/xc1zQk=","+NjWSAr69QZZ5j4QQ1uCPr11cgceLAHv+fsQIoxVHNA=","KBMCyDmybt12MF/8jWUh0QNr8MB6oTII01ARmOjFKyo=","9qSMvQi2cZGx3BWY8LydS+SolDsTN93oszL/IKDsScM=","G7G+ktggt2vjTxLqs/0rp4LDgn+lMYf1EQtM53CX0Fw=","MS5Jj+myx5D6QE0UIyn1fPfTLyF4t8lHLKPAnN/fOgQ=","YvRiG4YMDCTQ/LjL5/0WAVmSbuJ978gMQbo1dWDzqvY=","dF1WMnuQATwdpiyzb1NVsCn2XzIJ3Xou0uux1Bre2yA=","NDcs/UdiO23EKLnXm0dSzR33kqPq95WjvtYnIBERMDg=","shUjGPsVFZDrp+1rkskKUYBrkegcBZcZNB6myYMA4fY=","pnXlILQLCvNmZ20IKhS34gwILBv9+UVC4r1S+gsP/wE=","apiyE8+EYn0WIIPtCPuaDY1rXH8EDZe8wsIspr2HVCE=","cbbm1qrbWEOM2t6wZJir0j1MfYlmXwF2ynVRELZoKj4=","cvX0oH3eBWsJX3StuGgeq7oURXGyLYRWf76e1fBaHAA=","qWwe3jkcphxWhxRHZ0y1c9hnyVrKY0Nk0Dnxn0QLCZ0=","IBNmOR/9r7XVWDSGufdUj6CyRNLOR/zHMz8whCPjbss=","VyvRpUuGqn+bGOZ9fb+m2Uenum5tgKJ+DrAcrPnTgXY=","tzUsFgGelloqTj3FTyOhozDeM/2XhLI0z1uL2OdMV4A=","RxFq7uuHiJMDbx5AdBmPnJ6U2th8ZzMABswinoYOXnA=","GLAD62siCDxdAiYpwjmxhgB8xgryVZgHdwhmnF3cLlU=","czpTT0MabmfbEDw96Sj+JqeRB5A0G0uoFJ0tDZsa7Io=","sbPWyVi88dI04zCbuaZ5iRD3KfJY6G3DzRQC0sXX31U=","IPy9bgBfKoi8sqLJfbkULucIIYf7ujXu4T76Ltx8Bkg=","GsBMf8xKxEQIOIcQVV4inljAl23nvbixBaRO4Z0BySM=","UtDhKLSmjUzyuclg3ppNKu/7icDEqJuRbVJnDokUw24=","e6yrriynhGAnVRH2XyGp95xaB7uqiHPyxIWNPT4epvQ=","/9I2mB00tz4clbJV9DjfpdSNgY6aFV/wV0eQOXlGBTk=","cH+RamN0ThqoEo1CQozFG7Qj+AIhcrx47iMGzjdvaFs=","QEHfH/vNU8bYFxSuwZVievocYJHU7wkk9YwgflyEK3Y=","ojDGLd550IFhcDkgLJLP+795A2TuOaX7jqgpy/I4a9w=","fvIbgnPGW3urx3dyHC5J0tgx20g82DHsEMxEwjcxH+U=","BFa+EL0JsJEwzvoU88m1z6c7++vwUZP8vtMK22rH1Jo=","fT17KEylfYhbkEdDrSas3r55YmvTdAFPdqaYxmlyMWQ=","DhDiev1KLOFmUdlcRq2P4caZEVqqhpaisLnM7P+A8Rg=","JbDefj9XPHIJyJlbTMEZAbugaeZ9Mg4AeQ00VOkVmOw=","hCp4AHbL+Vz4DlndSNQwiaS4aRvwSWwlRejiQ/h4erQ=","QW6mgH0sgQvJ+dEO1sP3uE5xlIiDw20IL/YmgjaZVaw=","zXJ4Ts9rwplrRXfiwFDqbAzcHQZjazoQQCmUxMcGM0Q=","TbA/QWW0i8jomu9WiySSTYG1I1r7zf4c72+UZvfcwXY=","aqYg+IF3OvxEeDHPvFO39ai8HaDbHR7R0jRBhLqXGsM=","JnE2vdDUhoegBx5+7CDfGBB40JMAu+b8zB1KxfmJDo0=","UE2PYJ/ijxXwRo0D4eJZA8q10R7jUE7DHSLqTaMlgwU=","/gpFxL5CdpflaP9HFd3kSRmugzF1ICtc1gTqpUknrGI=","56nbR3TbZFuglv/qFgI+/GwXQOZh6TQpqARWuw0p0CI=","eJsLoXhQapvgnRdZC4ZKzyvpoWBoUgC2Klvj2wkZSxc=","1dqgxmlvD7K/HQNarLU/Yi0mrh+s6pIfqDwbiYFVU58=","PaEX55jszufmx5EG/gg64EFkwzmsjgiyJuq3cqSXxuM=","080f5gdpy1Cw5NYdLpOxurvE/2Hvy9zP/7tNk5rZLwE=","nFmkdP8Wj1wBdZOBv+5kczZfrFbRU6waJjjPA5opWfs=","dGUIuRl7Rq/C7hylXYiIbcTfHYQH9H4YIU0zhS6H/Hw=","m98YBl2hSab7OHKFeICkZzkjze1fOkZg59C3b1DJKVg=","3K4xLAUVaeuaHDelGVmmt7Z30v37Fr+2MPOc02d3/UE=","zeFvzyrTmvsvGGSvuk0+AZCWxAxT4DdGJgqbRcWhhHA=","Guk0qFwKZ/mtLXbys3f3+iNC30iuccHgZ0t5VnnSFe8="],"block_size":4096,"path":"libs/ace/ace.js"},{"block_hashes":["tO593ebfuZWGC6l2LnGLdzQlZmUK4+WWz/cd1rynv7U=","rCULxwTtL4V2PDBUOahBFl1SRpQ+QhM5JcRaEzvAkDM=","ITLBTTbMgcuHey4sr+gMz/wI0io9S9qDOLOMvWVFFWs=","5ZlbeO6ahAz5FZyDuRAtcTkg14JSdqMrOrLF9NCYYQs=","miH5kFcFJPBj2TKukRBx8FXbnl5t1eAKD36PUmtm51E=","MAR15IYnBZK+wrICZW7yNx6KEm1Kg4UT84vmcKHTB6M=","U92tDnmWlg/GWZ185Sm8GzG+8+KwB5QIEwPZIzzvCG0=","5OqmzJqF2bTj3ctOAliUcHVrD2VfixmBIfCoCPkvaMM=","8ueI8cn2CVYHXaetm8ETLpuT4PnbmgKfb4VFQU2GWHQ=","mPfPrQZm6DECtCoup9ln9PrUNxs6O3zpmo6I/xF1vpE="],"block_size":4096,"path":"libs/ace/ext-language_tools.js"},{"block_hashes":["WGjWGZGbSWo/pKr5YHeQUUSMMhV6cLmTwA8E2UULoBk=","bBEObje4SYM95LDiOI3P/DOxiK2qdYWxo/Dijpn0UEA=","/fT6oZERPdlHfhHz8dNaKee96jAdzf02MOJhW/OOyWI=","GCz+0A62Uj6ypU1dpArgO308+iwlsrPfGeeX55+jbUw=","5Y8+5Exlp2PfqolahAOIVicbQ70OyjdNnIcffHlZIz0=","wAibedjbMPZuux66Kv+A4eVnvnar87a3uw8y8muW/wA=","087nVlfWFl62JoiJm4UQQg3qyU2vH2rZbr1TJTnyML8=","Q3ArJI7BUnSHZykNx98a8vVbj08GH50f1o3oi4WuhVM=","za592thKG8KznEzPp4BWFnhddOdTp0gy2BWy+3ARopY=","wZqBlrZxZ+n3QseuMnDelriotO0wMXCahMSxCZzHKuc=","sVn/bh64yHA9/tJji2005Pcr4xXrw9U4wX09uPQBCnA=","mnNbUbgSxtsRDlTCxEGU8npb3t7/tMO+HtK/peEswkI=","ZQybXjlznHyf3XsQsxXcC8ajpNk82zkvDosPOeNO0uU=","mPW+aTIQf7d60bo9XW1ZKGNlB5ycmHeBYahsH/NeypY=","J6uW78H7+sBbXL0yoq3TSCpC+Ugh6jAcCFhFaCYb4lU=","uKcy4NZmidqQETBaoc57VWhV1krIi9zihovONEfoS+M=","q7JU940AO/DX1WYIJ4pp/EFXaUjSMlgORxVN+hVJYGk=","Qb5VNwJUfDx0PSlt6WEIdPmjCn6U4pLpqEhqu0wYopw=","BVcD1Wbyb5hHTNBs319b+ri+pBQdFIDP873nXhhmuwE=","lU8VQ/b+yKVVn6ej+wjEs/Ax3WasMgUFYCY1z3u/cn8=","L/l8J95XLI2dLmHDvVPybO1ZNbvNIxs9tBVOTIOz7cc=","nzyADUYcz2znZuwNs0ETR4Ym0BCqc1zc9fpOdRdcico=","Mfnv5nX2G7sOJl6x0fALoSK+gub/567FS+PqrWsBvaM=","4mgu1RSbReNf6Qxfota61PWLtvTARsJH2Sh8ijDczHQ=","kEWJm7GkGK5dK7f4VIf7M51ejVlDFZkBqHT9FFq870A="],"block_size":4096,"path":"libs/ace/keybinding-vim.js"},{"block_hashes":["n1QYIV98eVDxip+u/C1fQJW8FkXar6lXvman4Xjblkc=","JbPO6pmqAfDH3kq1bRDdw+zZhl3Egk+B2ntZ+xlJtG4=","eOb+C0DDb5XPSWGMPI87wndiY7lBEu6ANznIEBJ19cE=","yR4Ir7MGC6dJnDZ1aygRnWLGIJRb/8UCP0dnZNpeisM=","6ecgbhfF6doLwYyMDxUchjm9HSGjsbQfLO3lLY43++A=","SOSVXBa5qOa3OteTw9JMoGf+6zFsxfHF4nnvGjKgDRY=","ua8NnKJsQLjRGZEzo9R43fEGDy8jL69OBmx3yYB0pdc=","v/y0yplRcWL70BzyFv2tZ1VKNE/A6vjN1k3rHcLhszg=","Neanjc2XF3L7tWSuQlnII47hJolu/hUGwBke8Lfq21M=","Lx8n0CmYPZoiLGVXDQeYkgkQh1P66khG2uEtPM3C3Po=","fZ4Qh3R+TaPHTk/Cb6pw6d+Bu2biXf0d7aiJPE7zJA4=","pZv4Ow9dPkv8zZXcjkVZRiRooRu5mM9mG2/KXbPp/3s=","JnWX5CcS8Wi5AmLGW0YhyHlR62Q5N2uNnUZfvuvh36I=","MuBlrwKgFwgPkkZxfTX7FHU8ONl9CfkZXcy5WkLgzu8=","loMpzwp/AXh+zHBLxS66Alhm79zJ1H4EBtVQs9cbyvY="],"block_size":4096,"path":"libs/ace/mode-html.js"},{"block_hashes":["VGi9RYW3dTTXbh/sgFN05+JO7LLvXF+AILoKNbztx2M=","f+LWTwb45nPJhL/QfictPfnb1Mx2ct8bDA4NTfOLn0E=","ObBY1id8PXVk7x4RxRJX519CLaZZFeQwPCO0T6qd9L8=","eTdN54fbfpPnyKtXeQk+6/sxOgYpN6JiFSLqYQPyVpY=","4wNP5T++hI8+nByKZozZjQHdGB9Z6/NWzxxBlGK6PVw="],"block_size":4096,"path":"libs/ace/mode-javascript.js"},{"block_hashes":["XDQqsVJvTRaF72TNU+Nn2hrt4+LpT8L77JlcebXiZ+c="],"block_size":4096,"path":"libs/ace/theme-chrome.js"},{"block_hashes":["sFdBgCygEk8F44jFtM6J8jgGfGdS6ZB1ck0Q6qFuCkc="],"block_size":4096,"path":"libs/ace/theme-monokai.js"},{"block_hashes":["nhx6VScd5ZrEz74rQCSimLnWak+Sx/+D39WdSsMZOFo=","sFtvBjEU6rJ0zLSUskQXcYwzYic6U2sBWfIMu+7Qn4o=","EmlfVRGgzTDTqx7573FgfGiUOYrI3cZO2VUzBnePrLQ=","tD5jk7S7aVQ6HfT1DQbVnw2jBSrrO2odDFSMhkmu/cA=","6pu+ZdPNR6PePSk9tZH22jAFhhlFnS+34gybSg9m9/g=","oi0deuc1x6vHhwEih3HVg8TMQDEv3mRkR8MxnBuV8K0=","QUO0FTR9xevH9W4phsdJiwM0jM+SnIPymaTrkULmJig=","cOfu3nvRE1Hw4++IvgnNadjk04d5lFDX8mofW7X0XXA=","ZdHnrVS1DMP8IylUYAiWpl1OwCOAggO3lF3t0EXXhck=","7Jm3SrMllSmWo1xfcTuZL9nQ/4GrkSRIs6EXzBOtuCU=","c7lFyhBlwRfnYKRQ0PTsjIllEJ2d86IUQbj6jtK2rzo=","n0XHVsXXbCoHLeb6RF5PxYe4N3wU6zHzUHZsiMrSb3s=","C+jU+NulLefLy7TZH8a2hkc7x2Ym+it/Rd+pVRYxx5k=","QOz96c7BqzrFqTwr6xTFaAo+1WSg8f7n6Y+MW3D5f7I=","+qc1TTdHIf1YLqqoQMxg+soz+rEG7PER989BnKTWpa8=","ptBYRtQsilhSidxYqmC4+Aa8NAch7YT3Vxrsq7EeO1o=","JEzcN3g0Oau9D5VIQpMHug+KK4h1RMaLi4lOjzHOmOI=","Q8GsZR9604nqaBX+e3zuYKIvFI9S4x6OvS6ScqFj0SM=","w42G0VLWh5egHZPjQT5QEOL5NMJ+1Wo4erKtHIcs6ow=","8cFJynnmff8ojCBEymgKUz8+wMW7+fu15yXUmbYtqtQ=","IJU7Ii3edN8N3JYE5QKwifLRVpb54EUT73TTJJopyUE=","9YVRoMjpKdeJOuHzrpFhExEr+2eZnItsz6XwqTyb8TA=","9L0EG7nEhNqaA3X0mFSFkIgKpDi7UDR6agqvBAM7zVc=","Ebkt/m3W7l0KU+vWwY/D47SIFqARm+g7NJJphmKwjFc=","HaSS3Pj7bzdy7xlCiAPf4+NX/di7W7yMIFQNZ9p8Zy8=","BsNGzXz+KqJPHVuFtI7l2pwXrOuqxEaqfn9TXFsNC3c=","Xmrb3+YAiezr6dDxPyDdemOHa7x7iPm/Ze7X3XN05ps=","MVnqTjgNaYnx6BFYk4ySHmZaHYN4xGiiWlzNSfxTxsE=","5RRiQvePsxiJHA7EoM7zyFnhndTPA//002EAzJp69oI=","ANnqFJj9YsvoVnYGTUT2vodMEXUkwJuS/4MDreJLrvg=","aj46JywJ6BjIJb+HrdKJfDkG32aSwzKf9NSLqmVcZ3Q=","tWGdd44fq0c/3ZyNYDQbpiZ/QY5TSlxkZPJss+S/l5s=","EdjtrgI4psPPG2k0pZSeuD61Bb33lQExbX2JT7vML/4=","/Lp91vQQ/P4RHnzUJF9wTlJN9itPTm0LOPdHZmlPbNY=","Lw3Ku+hJrvzAyy4czoEwk0HOpnfEYDJaLO2wGXmhI/g=","mueU1gd2LUK20GDUtH5ZCwZ187+asaQ8OyjVtlsmtpE=","VKmKs5emZ+jugmc7iQ4tct3UjroodCUxy0I80yTHmzQ=","eAfcRt2USsmaBzlloZvlK4wm+sOq4/ouObp7Q1moap4=","2eeqtmJNedgESedbfD5NYj4LL+9dYqerppGxtzwBe28=","SZ3ZDcPvYJW9JdZDl453qn/04GtHK7RJS+S2sJR8TBo="],"block_size":4096,"path":"libs/ace/worker-javascript.js"},{"block_hashes":["L5f5KjS/14PGT61VXNxGuVZkc5E1zYiorfiyhsQZduw=","Igaa2jelJovJwYhg1FyvDv5Aahf1MIP9pnagGdHgX6Y=","ABuoNnGc5fIxxCxpBBoCCX9ODUIK0c77IsQGju0qMTM=","JTLMJGF/ehCM9LB+yH0MUtbTJYUKsqvDnIwm2RTFB+Y=","DmLg15nXpKwPm3+q2BDBzvZXyZOLRJAhyLGcanwnLR0=","+z9tdzwz5Fy49CrsnHK1c3QQ2F5D3rU2kstLX1qEw50=","IOsmw/qxRVfEAuXFAF+v8ItUgQITwREHuIexSkfWCEM=","XaElltmGS76eqThwn+UXzgUjGk0AXxmQPWRnvLgpZr0="],"block_size":4096,"path":"libs/marked.min.js"},{"block_hashes":["AraxIg4rAt3dtAKT509WyxUbhuct8reiXR2SVVN7sRY=","ri0dtaQ7HpapqcvFVzhZv6OmuG8QImTmhGTh1IK0plo=","5v+oeU0KXV4scSAREaDsER7jBarmzt8GspO2iFYYqWg=","Nk3/zs9apV8Okn7NP9szKNNLo5tvNjnbVHwLsL8QYNI=","wl4GVaqOXyGZX3Kh5Cgkga4yuM24TIcqyT0w4Q00aAc=","Oc/yo771CuYA+DIkZ3AYjfX+a8GIi3T2Hgej2RqxXsU=","4dPU0m+/scTfON+4c44CSb7PJHkaxQxsT+i8GcIo2qg=","cJRrYzAb1TPku/Hkp9GYEDCE2tyszvchYLAufk0M5ng=","Inc1jvPiIkxCLY5cYwMil3lEiZdimXo74PMJP2TMbBY=","OqQM458TE7ZdXuKuT7zzhdBufRiVaA1UwsHMbyF6CGM=","P8vqc9dCvv1irovgRrav+XF9eUxFy/US0WtxbBLZP60=","ruGPiHtxoSFyuVfPYUS5+funTyf6sqCcwL5C+SxoO3Y=","oqombGPrKCoZBgruPO1N3m4JbtTS7F4MZ3Cx3cDgD9s=","/WMZcGJ3tBo7cvVn0j9OAeoL0e52zUGn0k/aami7x/g=","qTQyWKMJLPOirpYtG6MY5vT9e3+6r7RhWFw0BJdbp4Y=","3GRTo2edA4QXdhLUcvPTWeg9O5b8JobMv3Za+MnCVUk=","c18e68vgIthSo5JM7mOmTQNc4ZPqQh+Ezb7mM/CKVag=","BqSs4OpYpJ6ZdZ4E7QDwtKyo909sOceswvRYD2K9Q/A=","Qo0ajaQsPOEGPjfAuJAyl6P0xxYNJpgVZU18pUoFqIE=","WVMCg06itRShGCj43H0ogeNzlTDBL9iCGvKEOOBB15U=","HJd8/fCXZfYlAi9uhGY5rKn9KINIRo9fXFmeiIXmi/g=","RzXHv86AF3dXHNQ+G2yt/8jaae0Lse8P7YcJREsN4wc=","93170HWQSaIGmVV4dR79FLXYsajZAUo3Ajt+CbnJyto=","3PYHOAeyUt+JVzr7sXFsoYUt55+UhhMKFg2jIcIjy7A=","FPkbMFxg+EBRQj3gNr8uLbLMg/4kwMo93KZxL30FMiA=","0ISOxNe6tGuooluKzDOwoebTiDUoRl/saNQbLK13Qvk=","pI9Z9AeL9xkYmKdx7kWoT5H/Zmg3W6iLmk+YEA7PbXs=","GIqAkhVfrCyBBxe4k7J8bsKuBTLnTCp5NwzUWTol8CU=","c+biFT661eUb2wjxc70Z4gdZQLfBUdXuEQI846CVcgg=","S+uvmmL/kR5otLp0hZSUxjwJHZplJzq9a/6P9R+K0So=","iloSbzky0P780GZzmVKyXhZbAHAkSrSE85dowhnPV+M=","S/FzaVFP0GdF1+nRXLY4NRXD3d399Uqy7K9ZfXxs2Sc=","WR8mQBD/2mNi4V0+a5LWcnRLoiqqLeNOmUgPm7K3YCg=","hMn+p20A6/sgJkOQWDkuK57ai9f2L4AdyejIMSrjo2A=","1LgQ6IJe6Y8BdVRcTSj6ynDumE+1dhlc7m+XCxqCuO4=","FnTQ/r93p4Dmq9AlPneaH95DjgNTfqCb3LdhhvTLUIQ=","XImpSkoBqO/oMJFJgVGK27JX7dcBolOlR978XMfUY2E=","mCbTTenmmbYvQA2I+wWv46xLRGdFYemqqgJHtYUl2bU=","zdebWwSSmzGDLbImclWlq5YeYddYreIBiitVEgmGvi4=","CU7nUzxzufbR+ReNsXO0JVgn8ASEz+Sd9MgsNuC2wP4=","VuH8n9hnlH6aDKQ3V36/qqWqOzjeNHRJAsePh8Sg/1I=","6xqYz0/jjVsHQhrm2MwPuzNFGz+vzCPOfuBmzCAfnLg=","VQ3CACvwU/ilW8mxV7ife+0TKBllY/WQq0K2tYuKnI0=","e9HFzhtoq27Jqht/z+gSLC09XwmOjkZz6aegsWEDt5Y=","msmFNZQ9xvaK/R+6M1uqKLa9OsiD/VNxwdnrPMpyrDo=","Lz2juO6HMdQhilTAeSu9CwWQ/gX1kZintZIiXmJFHPU=","ihTilrGNzJxxKADVD/QkCk+60Z1Z9XE3rcLdBlMZExc=","3VNDzhX1CBqi3SwivKu7vTjgDb74kWNbwha7NBowHe4=","PwKcjChy1VGpaBb4MCJRFw5JgfnrZjMOeeE4aQelf6w=","ASRams53EatS78EoianVV4SPZyK2xSBWFU1/ZfjPzRw=","6yvYklztsX3CTgrr/llnzmk0IH0De84Bqwh5pXW3DXE=","ryHTGEoQ0pVNprY9XWfqHZQgKKmd37qhVIR7nNVrPRk=","sxzaRdppOIJOQJnn1h1Dw2smYP0r99uyLW9DRET6oDo=","SZ4CrNGK8sM3T5iE5pRgVKgPGQRQUilePiFE4XbWS/Y=","07BVF1xJWwPU6lrqZXplDHZspKPXI5F1H2/gVOCT7B4=","/xK1jMQFCDuGAFeE2xTMVuLNdmJrR7mNfWMNLd6uEMQ=","AzhjkWds6TVphN9GUG8KPtguYPiKBSjmbdkf7sUl4dQ=","xcElFGqgRUF5H6uHuddorAsXS3Q9pniPVy2lrvnt954=","pwFFtElaATJpYozvTwqgPKWBnq45b3giTkfy2KULdrw=","Sn2CumdcbynDqshuXWdRF/kHZTLv/wxonL+J37KLb2g=","5IBsyghxXeHp4Jabmhk+8a6hJCxqQZGBmStVHhR75Qw=","2NuTho/wVSvWUVH4L9Q9LR/5bGYNxtGR703+Q/ZHlZA=","c6hOZAvXrIMnIQHb66LHfQ2eP6kt63+WqJRBxYENSho=","Rvq+c5GoFnMqejTaw5mstKg0sIzA3h87KZnXKxRKp2U=","lp86uZ8lLx5eFJoQ9UOf0qf4+al8eGm3CATzjXR+k7A=","kajK4gwPJtXGcaM3ytc2730qLUWKS7Y0eU9gF+R+res=","eDlYydwf/jlcEHBISNynjbshEYDKY4wcLYGPGds+j+4=","+nHyiIuKi5d6F6ZvyPQuULSEd3l7oFWX/GDZu/o6WAA=","XQVON5R7R8fbWIy8DtVlfGUwk57ElkUpaO1x1UFf+mo=","fxioYHWBGI9O8nw5MN+UQnWAVJsy4vwxOt0iB1BiI9c=","4Wh0hTqm8swqLfe4w4hkrjRkYvD92ttjY73LuhMg2SA=","m3G2yBRIv2XkhKfzBg2h9zveFHh1Unv3PSfcO7RdyTY=","k6soqAKGE7/byEnoRGCdvbw7UgGchCp+BP9XGLLeWuM=","vDkL2bOHCDquskOC87PZ9uFIhQBPb2ZR/SXffgUwkzI=","HzP0d5ZPeEqCDK/9/VDvu2h2YlBL10PtcTGb64hh5Y0=","PTddbLO8RUe8noYNGnhfyv5a9tM0di+g9E2l/4KH/Zk=","ELB1DpSrHssohbu4X9VvUVlH1OPKAkxN5IgBhVv/Plc=","tE0kY7vnzwoPX/AR6CKtwL75rqH9eJ3pcClFZgW34rM=","rhWOJYORT5iiVkz7tUnAU7933AMHVJF9wsAq7IeE0pw=","XaKOT2aRqb0VghkqUKDxqZKxHUdiV+czw/f7Rz1Ja4w=","15eqznHQbMopCErzNsf6o2i2ExdfSp2fQ/nq8s3Tyms=","JD7SzUxNRyAQ5z4N6B0HetPwnBJbj8I0qqcoK+0GiLg=","FwddKSU3KwJ1e7ZEGjZVND4x8DHyRqYc5kfDlUqqRxk=","lquUJyiwOY/T4AFmubtRJ+IKVCHmcHL1dnfSxQmzHXQ=","lonOGrTh5+7rCovEN7RhZI35nG2O6P/kR821XUzzYD0=","afXgm64twtPP38DKhbAywermdrK9VuKpUOKnCIuXsR8=","dGI5Dkat7d/ui6tlqDMwFFqd+qzWpiudouwS+wWh1NY=","NGzhoB3YVUmZdtc6Vwl44ixyKQxDBHH6jeJZIbunsvA=","oZZOJrl6hIUZgLBNXO3EP5qyRGPe+fRxnwSDBeBzhdU=","RaNcEAVsqCmCB3d/6cj60SFEg9fxNQYW+a9rJHGxqCQ=","v3vhZr7nGXieDh/m18NF+PmviZ5ArkSg/zFVD0jA/Vs=","lBRrFSZw10U2EMhaJNgeuTBFpNO+47TQtMWaGY9SPS8=","oluL15jpQ0g2zpob22PRLzPtIocCXCMrxgX9SGwm5Ao=","kR0cVOEkVpTulZPpdp0DsvRDG64qVl7lD1A+Z2EVZCc=","j1sF7c5FRAbdSrf83BJXyVtxQaciMzSWusnDNtk1/k8=","BtqBNuggkE52w9pGVz3xcuhcDYaL+zRlxA6+HktKJy4=","D5h56dpcYtFTG2XLdd+jy2HaBmUBFqEHUu3v0yI7f9M=","PuTJ9BOiJonk3Xe0ZTX3GVEP/FGgOd9+S5grAhFM8t4=","jwWJwvLNdhHFCYLgVPvWy74jztMqAYyWq1c5BzpKX54=","bRLzBdWEt10una+B9giAq15ZLr3sBr5DUfOpE3qGoZw=","or0cv0zuQg5uke8ycPWfdsCBNzigorVV3EdtOXykyrU=","1rTSyVwMfN1ZLoQRliQUgwhxBDInuVnVjqvJTEDIq/U=","77Y6aBO436/Scf7ACufJkPsck2nTPsJsB5KL08xyPgU=","CY1zzY7nd9fazefyXtgePUFKA5+BHWeZwbm87CPcM78=","n3ObxFuAQo9qWR3YWXZiHxNWEgkZtr9WNWbVBoQ6TTo=","iLhOTWFN5fzBlImzXtWI9CZWos2ttl9mW6G82RMVSjA=","FDRQXlrm3QRgtl3OQdXyuYo7fk+BSKtNguIgCoJHbZo=","TykCDxHOPrXNU16PkdAjnrK/+5Ul/IOTmPeE0HsNY0s=","x2TN1BtDsw5edFTwfevQpRT2HNQjjypMsZDdX7HgSrU=","JDB4hZCUoWKRUJV0tOyIa78tkk6GHpluyt7pOKakPVE=","GiYY+DtRhgmyjZJ8lyaz5Le9CHRXiCIMNfY5KYoZsSI=","0XW2fTgawKtQKZJZe5wbDC+fVEKncij7Au2pBDMFDRY=","xEfMrL/QUAfpFVe7zHjNX+TEJirGqQ573wgpxoFaoLU=","5CbbQwPZFoOsvZKZA0lhZ6B7Q5dmgWEK2NlA57C2CF4=","1r/9zggL7V/30hAC5wCpVsXtUeF1a8gRjC2frdkxPKE=","4+w5QjLuT/QPgZ+hLZ8Y1w8+G9Se3xotxSOGZsy0/R0=","4r5YTNCjxy3P6vigGQoL2CMgNtcQyJhlrkGXMXTGCZU=","doSV4BNA0ABAIvvTsKEa6yLKhYdQHLil66lQ38QnP7o=","62n2Y1ylMYDeaCcriSFh0hrMmRuuM1xrvOsDOjsLM0c=","KHk30GS/Ay9TBzsiehXGOM2Rx9RTdhtPYsqEwwhwOBQ=","LxiQ2y6l0bW8SUd8CQ94uFJmXS2hz320TofPFrEIJiQ=","CaWdw8S24WzC1ACc+iOdusi/T3O7lL+uSSqi3Xk9XX4=","IFVs6PyBEVS5z/2yOUG5qODaeYZlk1laCqmLDkQ8pwY=","02U0ZXzmgLeKvGdWokhJb14QIte/QVdZOdmRKV6LIMg=","90eHdInhxEgFjo6Zs0IuQx53KtL9UWBLqhQ3HF04+rc=","tIqRBm1I24yfo6ZlnQ5n5jnu2qntNZWAmGfeZVMuYqE=","cXiz/siLz46YGY4SorqJqVtLtuEGjSTcavHJE+ElxD8=","3GSPMjuvtKES69L45GRxFezEF0HsZx8WSSvnmSVHd1Q=","nNPiopyHJjCAT1g7QZjElVlWLhqfrQ+oucfNWQN1wD8=","mCzllsYD+LPnb73JBiMyebtO5FQs4cU0VhTo4kQdO3U=","hrkL+SzVHrML0sONDuA0g8QxCppTc0ciZHumZZOCD1o=","qKuxWxhc/odjaureteoTAdJEG60erJbVui/A8J/aqtk=","5iEun0OKFAaMTNM0WW0+6ZQF3nLyilyAHKQSARBaZRo=","dhMFfv/JCOZNu8cwM3l1GcAi++AbzfSGLAsxv1N6Lyg=","hWZDx42MlacFhlVqAXrE4r1doucv8ASsFcwEohQi7xA=","1x4JJn13sXewWbV++4qjC8GfajWQ1pti4xYJ37LRaZ8=","aHAGrQNicKW+3LTddCREH3jloIY5RDnVcKrJNZIKUn8=","HRGxA2SSIjlQaHVfYeaxwOOqy7002nzKPl+Dg1VsDPw=","GSlpTiv544Jj11WrgOq5eyloFWwZ7eWwiE+cF3sLhXA=","54MIsBLGBvdplCMpj1JBzLaAGdA/coYrfHaNqVC+HxI=","9NLAxJG1QN6sQr64bUbP64QgLZyAzzOh/HMJ3kZRIkc=","cO553DT2wVyxrjGlnCBZUtZsFUJ0GOGTrOjFyHfLPFQ=","n+dNyM7ino21BVVLCm43+1I3npEuH8HUyYAc3ubgyZQ=","PjaGaTajZeJ1+85zuO0gXJk+deV+601jssBUn3oJ8h4=","6FCTUnlYjcHuolaGrHi9GnEZAbVSbTBiuGJNgUwwvvo=","7Y6Cpo6+avenpzH0w9eAKTMqm4O96n45QpJKofkNtYE=","C50+qoil4Ov7jifM234t9Qe3zaUxeAhI0c2RY5CWFiY=","YqmF6ae3T43hxocb5vLojngFRJNT/TrvivXLBn6KTEQ=","b9LNX19Lhbb9UGsIN6r22eEaEihFs8zfNkGJBu8oB88=","7gLKLjfL4EsINBnKljhebEJJ7ow2KSNhi9tpl5vbvnA=","MbYqsUCVIkIiMQF7eFqgW3iNybCNascj/yLDnoMpRMI=","VSJmOKwT0TeKArgpDVUc91HK+DlhfP2+FT8/DmZVZRk=","Z7YR2wbok5DodC46//aT9pamEJ4kDpEGL6uhiO5jWTs=","aSGmBu3Pyh0sUCwaQmcZHH2F+ThquedrzofxumhbWbA=","Zm8kxopYThh3Zch0SOfS+026Hoxccxakb5wrolg3ErM=","YtDu+gCxr6XRaI7kPc3vQmaaAxCXZ+UKCkudiu5bjZM=","CPf7LKOjRv8MNImHk64OjJwbOYm9E6EO4aZ+5RFBsBM=","GhAypigL4bI5+tWBtinQ+kqB/NZu466Afao78F1eQ0A=","9bOXRUkcdYUfGXivWmnbH3BbQLOsUtSLk14R7YXyRMU=","fecgTJN2jYDDdfMSGUo5pSu44tlu08QsGLfpKdLMY9k=","EMER8he1d9ZhPm5SYV6NPKwQsVEDVI/Q/WoEK/FRcNU=","Qm8RYvMVNRJ+D0V140EAbbZyGYgF85L4tDDBiIwyTxU=","HbLHsT/4SZ5s21ATl90txtjHPwY1WMnndgTjA33ReGg=","s+sc/7DVlGo+PE59GYeM+0NocD0NPlvBG7glHJLcaXc=","KIulMPElzNjuqeJmfsaxhgaTiQAHT4/ioGyBDh0URGU=","6VW1gp18SCjlRMl5DvF98InINBPCImrYDIFXnZj7leM=","LrtNDku/nRP6bjP6KmvxSwY0PAgIuq4N/QHQ26eFxTc=","iqAAx7hktfFKCc2PnrE5rIP2SlkXvWPnK5QuX7IdkFA=","URv7ZNLgr7z7+TfmsK7LaHHUUxbmF/wEF7O3Qg3upHE=","PXHbspP/7G66qEHEUJklY41e01bgXPlOyC6JGQxhiyI=","xU/VXP/XIfkzCRRDu1p4a/sMoruD2Pftoih3rvseJjc=","+SKg/hdOeqfEjw1S20zGp/VdcXBgdYk0GHECiHj0fCQ=","hinyYDEO2lMYY6PhtHjNXY+k66Jq9jvdagsq8JXSdGg=","yLydrCnG3E6EfrhfE8tza6mVdqHxcgMv7hNrDYQM3Rc=","TyRYM6JjZj+XtHYAA65h1au6q+cvsTjpCc94KofZNb4=","q6YQizfOZ7gPUREbAMy8o8Ofakix8DfRMdVeFj+YnjI=","aYBNH2tmzjSovNKBabF9u/QITBHcERL5jrw7swszOGo=","Cf3N97aw41jl71Mq06cDwu5bH/poeWotQZFMpVhiA5Y=","waciqMWO6Mp2ZYinsjkS05whsz8IXW4L7RcuYwG3hs0=","PYM20cHgiHQDqCdbpZPOkEvgdG2XgNPfNxXKpu47vRk=","npF++bkNl8RTogshV1cG8BYKKpsG7AEnCVR2SHFRGQE=","D7bPv64pUOBcgasMlwvyrUdbnjtHnHg+njTap8Cu8lY=","dtr5ai9lkEjOg5QBwgX4o+fyOGAHJ//xYE5ppiKhQfg=","rD6toTBBV7LYTieL9RqaUuuv1oMDrLJzJo4FCenIui4=","WPaVmUsBIhnr+Tgq8Vqe6p2g1y72Da4gfE+Iu1TiHdQ=","tj184jnRVOM0KUF8h908IHPzaEJ6aq8LT72wmRtm7NA=","L7mOHVs+zoO85fcjQaT3hkYOmQ5RRqFPNQkZxxhEB9o=","rh5w6xEfwnXs0m65ek55EqTNfwbvpv2A8OzfYpSml6g=","cnBUlW9cEq/3eTJm7/q2cLESFkBujGGecTmQsX/+c58=","K8gkun50iVdBIOf1GopaRvd8Ov8b3f1TQUHfHwkQ6qo=","/2/R6I5uccSUch2xmkJtYOdAIMxUy/ZHntRqzeuj0mc=","NJhPJsmNL2qjH5k2/53jS0iECnmbGKiH0yeczO7l/84=","PVESuuqTKmD3sq7c++pW2EdEvlaT2Uv8cxeiCs9Mlc8=","v01jkzNHk8KMisO+hsQRh7RH0GqaJhgGDe/DW8CHDYU=","nusJ2gl5OfBOB9Y86Lx0psFLXteToDjsL3m1dIseetc=","htLNo2l86QGZiO6Efe/EU3mGBxFsa24lvEzP7n7vnFQ=","Iu8G3bKUFxMsOXQkAZW4s2cQ8FP9rjJqt0GYnYSJxh0=","khcrZ/MHXpoVau44Y2PTO47jUIiBrdXE98XGNrb5vxs=","RV3poG0GLo5sGIC8HCnubTR1S72w9c+niiAqT37QUZo=","AgF80ZLKu6bQ60H/sqQKI0ZW/8BBIxiNSfyLGYDnrbo=","2XG52Qr6vUvQltNDNn3XJ9D/Z3DfZnRvTMG27hknY1c=","6TQr1VRU8kwJRrFS2G8ScdhleKKPmW9U4JHexNhZiBw=","Z7K1amkNhVeKDrwnNiA8erWTESI5O7soXwsmENqHL8s=","xxG4GUrryrhKDzIW6T7BIP0ejvU6Y1FGRvSlBNOiGEo=","DvoSfUZulxitUg/dhcG0Eu/7YamCxQIajfjrhcAxZuY=","V05qU/XbZE/KahSqdoGzRsgEdFyr8RZdV+S0nM3HBVI=","FoFkEGNoQEUxSoAuUVNCa76MDC2HIQK62e9zx04Tfhs=","Gpl0/Mgh3Qktt/MZCE3ISvVrY6oYZiyXVtxW6r1uN/0=","uQZDRKTe//RbqYJ7Vnv7NE97igey34wkJtrhqL2Mr4o=","QHluYvMBgMgdxRau9qTavKh64xflOJ+/fosBLegOVNM=","1CTeKDEUSHha+wSmTAu6F8UbSNW6Xs0p5Mu7YytRph0=","RPXMEk+4omATBD39s8rJNSkoGbzfGK1hBLcp9nG2YIs=","VZWzeYQrQ7Ac70wihSeSMNmSnUK4LZ5W+NG3xDsXoF4=","6ehJJ3CDN8X18TGfgrPQWsl16SAgEpr2cjpEOPgWnAc=","8Z0YTcIm44VSyd+nxxCH88sgX3czBQinK4rKhlinuEo=","dad/bbgq2DmfHNGYTavfIIKD6QPKF0oiGJ0rPWj41xQ=","sSQSr4BTcpGS7eJk3sQmfdRvpgLxLaHqFGD9sVObfu0=","loNvqkNInLH8+mZU2TJdOXazZUzF07ii1TR3+nJYJ9Y=","lGp1SlqnT2hWzx3Q1d+parGpGTW+RAXZa71Ss4kpsdg=","hmJ+3TyFzzd5T/X7myOSQXDfd5R9vKKIoq8hmWXn59I=","u8wHK+N2ZumutK3Pgei4oWwQym4BdaZdNtIxvROCuEs=","JEzANp7UU4vhPn1urI4wMV6RZtPB9ORMuNbRkMnUxr8=","2fKscvmytzGGt57vxqFa6MTakPhAqbruJW+UM4dxdSQ=","JIYE+RJqLae3G6YY3u0XGxYwHUM408U6k0lRYF/wFe8=","o2hghuCXsYMHG9muH36Tuy2csRwJdcZ2NR/WK0/BuvQ=","dg2xGJrfjOqdu1VPmM66YhqhtLYKQLow4Jh2suyi5U8=","QLxW7xo3HJprXIKBcjd+pLs4sFSkI5GXvixQ2joniXU=","bogVUh1hnUdDUeHowFhnB9EFBhXO4/jNr/6ZG9eJYnk=","1HmHHNHI+k4OZZOYXJjsVh6mpr5AfkJNrFoVBgGATZ8=","F/QzXWm5ztKbjIzPdlCdkXt2GLAaHGeFbXPU0zva3Q8=","lJk5uU7S/3FyMXY38uR1EVhaZxMQm9HCUzmLcP4ExoM=","WPpa6G6NJTuUjwb6zSznZjJyOJqOkTKebGgqkhyrLyg=","tZ/6ln/L9bCvENR1epPOWl/O0TdYPrOpGVu93sogAmo=","Cbn/wH+/EfYGabJDl5J0sZbdPgyjtLNfIxCmccYU/I8=","hDK+M0pRQ7ztzkHh8gXi0e63V0tPl3DcDzyoWy3rkoM=","NSORzmE3SJbGQm2CpWaaaoVFajRO89PIzIqS9LpdXYM=","vq6yaFvJhNMaTAbi63wYSzqzQD7rsTTi9uLjsTaC99U=","rH0vskIrpgt31MoO7jMP43VGcIU5e9xiuBLp0E5+DhM=","LJ6BGXrzeqBT6+8TuK8zacDakN1JQ6qbqu50BWn6FKo=","/cSmJbZCO+mM08gg03LMXK7u4qvRZKaavDGGWPSM/A8=","T/0QNja4TjtURIwIS5mKc73fQa4jVCYZxtMJtyRNAUo=","2Il6XoL8VohOnV4M2Qnc7EMLfvj9ruzSJsziGwDjUgw=","QdyS5WdZbhxfFO7PL/GmV6YpvbA4dEok3o3lqCGF65M=","W1nDyZ8cQdVrsrEzlg03mRcE4sTz8xhoBHTZpmyoAMM=","+HVBLLnuag8YuA6cIAoaZLgbuGSd9V5JVkYjQp3GbtI=","Mmn6uXiJUCTJcDP7Iq5sL0/mDVGfUS6m5exbYTOy7pE=","uKAlgMrwuC/QiROdcy8x1NJoly+JBuUCblYtAmDCoY4=","jLcMY9tS+oE5Jbs+tARcPSrkw2dThcXEFZ03YhoNC9Y=","dNgRI7tei2EZyiIANuKyicOt7GxVkBOaZM0IUkey+Gs=","Ftovme12ZWvWCRRwPIUSpFqupddlRX7gTi/CGlUACQM=","tRf/Z41MVL22I8vZeNoGrISefQfELZ3TU5uYLcNCP/s=","90IFKtl7CgFQVJwVkkAdy4IWOiycRFL1SH4SAgP7mQI=","zP3ZyJbGx8s5ylrtRViDrNpijs9syUhuGs6Ff9TSk24=","7/WYvk5XZd7yIRRtuHPwkEtFQmphwgO9D7rc94iVnjI=","uhERluo/uYpd/63ezTmkBfh1V7Tx5Ow0Gbau+VHhYjY=","q6D6FyOspuRbSFQXenDeu4jjsXu64KxQf3vTcuB0Fv4=","a1yWQo7LFoTA0nQJufs5JGxSwzoetYr+a9s06szlwE4=","qt86sE39MctX2oJL2yQBpOqPFPWNxBchCVOGELu2OTQ=","J3GpgmMf+55yFtVfiZaFrRSjtFeSP9MQVEh4eBfynPY=","WmhKIxaLo9O0hON/t7rrvRqiOPADAu0yplqFcjhFnz8=","rQWlsaSDM8DqOA5RPSVO34Pd2lSH/MWlTm3vmx2dSbQ=","moWxRzgMUvT3DwqO1bV1uzgA0moCMKT8w1pzhz+MjOE=","G52mNWrh2w3UPs9v4JkcT4cA6DCDFr/8LdZ+qOZBj9A=","i4chHABDosbkFl8FujFt1NzVVxNup/6YqJojkd6pPnw=","HSZCvCOz3c+biV3Rz/kb9kqHctAqnrfh6QOYEbU+vPg=","JZ6z00ycpOK2a3xA1Aswj346PzaLL+jRAT6O8VleX0s=","+rpPBLOMpnB/Kn+VmsMuIgZehV+cfj0eR/bNKHykDFI=","FURkc81SzZrHUUA7jRXRSPbwwK2TepmUyPCeDpCHkuA=","1bC2LrzsB/yaEcnXQxfeOqmfVgpsMnKSruc7SrNcZb4=","M5kPVflTdm8Do9E8hdw4f/EUaJICAg78lSHC5Zqg9BY=","GdmYbhtZBqdV03ePRtNZhSznMQR/Jm9e1QU4hAkmPXA=","j5ngk0Q/Plx9jWwst4P8yzyM7D7ymikONmB2gWbo44A=","fYy0/7vSsFCsBykiSkNBZXqksQ84SGGEMS11sHRKi5U=","+el0W7RYwJpC+DZgJhOqV7Jv/3iYXWB2d34fGD+xKTg=","89FPHk4XJw1my2scdvgAkYyPE1aWEtPztPvvepU1Wrw=","XIp0Wfk5uJ3oZNvVS6uJT9MWsoWQ21LFoNlHyGU/V6Q=","a44b85EjXjzcgjcwShGqe1Wf8Z5FLbk2bxWHCszeCIc=","hkT3UnS6kcCJSt92AJAHTWfUXfdjxuAQ93fZ4jw8UA4=","rsvKOk0DT9zTgCf3pdiWp8ztksZlb5xkwudCEC73cDc=","BLAhTVOTwKANxzCDbx+PFqZZKdqyrECl8dUNGUbZBsM=","ZKMRL0Vm1RpC3rolo8jnKEu8uOG+JIKIGz6l3hDmDME=","j/PLyIJjatyxpUpJoo/n/xbajR0VFbPS/1orM55qqvQ=","RUMXj64yG9z0uIBG6lbccIqg8DpMIKZRhu91ZwWcbVI=","pQMve4f0hLn/fzwKfq0et4NbqScW8L7CDbaaCrhzW84=","LGlzqhoiNPUt/cFSkBDhL6RUsW4qRtBS3OeLHaSq5Fo=","ndivw4cfOhgt1tUXlQ4rMnKWCzNB4HAxR0d5VCivtzc=","emb4ZRyegVtwYCzkH4O/3pIuxtLr4nNNU3fuR/yVNnc=","xL8O4jtooQGKagbt2qG5EmZXFGshZWsDaTZRTqhfy/I=","IddaJHWzhktkaNUbPl3WiCK3FYRBoaxql5oVRLXFzOk=","S5s4a42JQzFV80006yLSU6bAseR38LhLkacjCQiWxC0=","tWs957LiaEb5tjR7F89YvzcvPErp63V0NMpkKZiQC5E=","eKC0EP9iwtm5YG+xDcc/MVwe+01FWyjcdE4IMVVZYkc=","Vpoy6PaugQZMOIdpvvNH8pxr5XYK/+BSFQUx203lTlo=","yycOdBlYhGMG9iRgvHdLwxxTZfP+uBaSfWfx2G004Lk=","HSzBMefsisJ6YTt3jeZ77GWX2BeVGE6v1Tirji1EZxc=","lcVuk6YO1bjbS7IOSZRcyNuzK9wcx/S50n2aFpWjN28=","IVHnk+9u4upVJVy4rEbZ3qUuTxuCUIrOWXFICW6B3aM=","ag7lq6AUdzyl0lk53HzJWEGyMtEH0Py0iV2leWWK0YE=","UBeFiL9wQqViAF9V19SYnbeQRYCBoEQKz/gj0S3pgFc=","vNQgWtIAjXTRoaoXGR9iO/hizXafTnsFtKp8B8FnKms=","TZt7FKxczk5/8hfgRua8MbrIjDHGjzMIXIOioik0LUQ=","hf3oXcCDwBYK2NK7n4y/yiVVlMYr7i9cZW1iMcveyQs=","8WtVK9hXLb4z9FsTtSCzlQZht24Lnz0voOxmzsAVi7E=","aV/ATDxYTGIIo36Z+3DuJQqqQINPrlsZ1VuzVH89M8Q=","TckIWBhxb1rLVsS/NpGG4sNm+7Q0M5SAJMBRzh3W/k4=","zSjMPQ5whrp/duW3rHPHe1ni9MxCxDdjUTfWb3ZSzyQ=","bQIpnmEkKDKEZY7BTUZpU78V/q+DNkeKjpKSPeKa1c8=","3jVbcmsG12+rFGFeleqRkCQ6IIVS4HbrzeVrf2kybOM=","XjH/aQl1WbZQvm6C5jyL3u02JxVhkxEQoZ/9uzFzZNg=","0VggtjD17L+btgP0NYv9boBr4+DS/uf77hnNvKKcUkY=","cKnIRQQoeD6LCDD/mnrgT/N8dUp84zTy5gKBVZiakUI=","/3OMVJ8QtYhSFT9cIkKZAKYp3c5YCzQnATHyZwfg3W4=","v66LQpo8ZnzeXh4jGkw0i50WfNWISHUAbjZPwbFk8Vc=","x5nwI7dAtZWiqfiLGYtpyeDcb8tmwhORkOkYucnVi/M="],"block_size":4096,"path":"libs/mermaid.min.js"},{"block_hashes":["pHDEuQ/5SGTsGpxyZMUlF/puLjA30r3QD6Ml8D0XRLE=","zeGnNrQk2ArO8ykeKuYDLXA4vxcs92LocZLmiFgZWZE=","F7A3HbLCSZNFo2+9I639ATS8hWF3fGO8bdZ3Ju6UU1M=","J/fxyYsbkZ/SLuAVeJCKRyXbgG4ZYvWIwBXC7kIrm18="],"block_size":4096,"path":"libs/webfontloader.js"},{"block_hashes":["zFTlvHoi0UUj8xUTyjMArXfQJm2LJJkf2ycczRPrT7w=","tOFgi0qfrHRbw96tT8YcCX3chDQLPFk6ZEF67V97qrs=","bMQIx5HuwrHRvvvuBqrDqBJy1gTN2006OmoJxRneOdg=","2BzGZm0MdZ2POncZnRlL9Nu91BKbYGKjHZAyJ5T/0rQ=","BuRWrcXwzKuSuJU1XbO6RwSNsNvNPJam0rXCtmhNHgs="],"block_size":4096,"path":"pages/changelog.md"},{"block_hashes":["l6Oy2GQlkKR29JRnY6qvkxAKG5SWn6E2wiK0gSC0vyM="],"block_size":4096,"path":"pages/common.css"},{"block_hashes":["MvOTHZbiGrL1/MbuNN6yyc8LYn3h5g7WdAIPbO1DI9s="],"block_size":4096,"path":"pages/common.js"},{"block_hashes":["Qf0C5n9SLBjm7AIQ+aDaPkk3/Y/NkOltAbMwvQFyUZ0=","nwrI0j89x5AxmxusdCphqyhyl4TokTyZUFl8wYvEV6o=","d8MAsQJdHZ3NVNwGkJ7VkroLcOWZEfzdeam9PX/x8sY=","hj7SIYl+hpPHUMYTDw6tOhW7jNIRdwIwTBiwHawVEVQ=","o8SRzE05OAK00sLctZGz3nUSvd9mNBvoLozpoPfQCag=","ErPUaGZjgnD4yjkf/Sf9cxYkJNHbxkZoV381ZKpu2ms=","aovrb1i0M0JFfbJ3EyD1bTTTbxA9TzwWfglliksVZFk="],"block_size":4096,"path":"pages/default.js"},{"block_hashes":["zaUYGhvyZuiXZbARGjmxQ3F0m3yOYkd+vwBtzAgIsdg=","JLMn/OWcGQOFLNV9/CGI4kRZc7ThgnzlujDget8VHrQ=","VvtFBd7AmtapwmQWcwKmIky0bKUAlHMe2v+HLqX7JoE=","Xv6n1S635ejT712Mn2AJDHsdtYs5hcnpnobJ5gFEDMI=","qANcdAEm1cIRMqumqX6pR4z6dEnc+0ZtMp5xyhw3Wwc=","MBUWu++dPiFGeDj/GrLRqA8wnBXW7c+/h2SqmXHsQ3c=","v7xWy5QYMVUq66F59EtPtHqaA6iV6IY+Opb3w51bO5c=","2pSni+EYxT8ZHrE9aX8diGVMw6vsSteTGhEbcNsd8qY=","zQdqbH7UC4z+ODDvVYXWbhtPkVeznT73PXy8+/kjajU=","WL1oPHkVxewqdXF0QMAQS3AV0m8LmDU9bclBx+oJLzo=","TIZhSzovz1xklw9X1V2QcEuHA8azWeB571CG1zUYEhk=","rQ/d8nqFIbEOGIreyg4GjuG15YyVMHM93qshwnhBx9I=","a+xnpwxMTOwbJ04ct5mLt2tTviU2IwPDEE3U3GsBl1g=","IWQK+OdlXNoKy1lXjaYWqxErg8XQdU53Z+mUP7yjYGY=","VGuWPBiN5wzYLezP0szEI1CAw59qf19nwU+VjOKrqQU=","dJQYqhx4s3TaAdouQE/5ZWAUtcIpwg/cjzr5g60Dd18=","AaifdoVKYbICCufx9q/SiK+qfB2ffbTIO/6/afsjUT4=","Yks+IVo797YCAVFmjEyqpnuI8EX8Q+T05/oFEu3MyM0=","D/FEfcOm26BeWhrzxuNSVLn922XPUO5e17Lbg4Bjuao=","a1wE6uhlxNX97I4iHrGoWZfF3djADPQlN20wrFrLegA=","X3fKAKtvUTvFK6PvPKSVjNfoNnnxLvem2fwv6j9FFKM=","zE4XcZ/VAnOj3uNrjQBim3pXgDdCy4IJFt20WVIAq7c=","8h/276nAzBnK0T6zwjT8ohTcEakHGVo7R4DD+GkTrfE=","1LWP3dGT0aNj5Pvesb7UbDtA1/YUl+y+n/rPrf4Z68o=","+znjsdNRBlxyJ2Ozls1srgeSk4DwmPy4UrXdLlbv5T0=","hPD7G1U5+L5EGpB3wivMIHQJNwNZ8e6QWGwuAzo9W+k=","7Rx0ZIdcUPWVctQVomjkFU9HU6TKJE3ynnvdBoemjcY=","I7e8VAEP2liCbZGs+UjoYKeqyg1KezY4aE/ayXMIsUY=","7DIr16BphlK6XYK+68hNrZTOU37B6Pcq1wFpUzpqKVA=","bItHOlwAr+E3N3927iQ7SKOOn48pUeNUoykXUP2ezr8=","p3qfP4AL5Kp59Bw+OEzCKtPVx48dF0M1iDKVU+9rTEs="],"block_size":4096,"path":"pages/donation.png"},{"block_hashes":["vEiMUKawRAqmmRHuGYwZbtt8/k6l7tsOK0PF0mfu/lo=","5e6BI784VneV3VJOuG8nmC5rK70VXKhSCnkxnwpW4gw="],"block_size":4096,"path":"pages/editor.js"},{"block_hashes":["6Najjnv5pN83eNYCsg5Bu5KIQBDBH0e7eYUPyufTWYU=","JAYC8ZLaP7B1tTdNT6DZOCz480ceCSWFgrpkfaupwvU=","909HFZMZq9Mbc6+Pz6hB4lwOfPiba+d4vixL49/JH94=","6B4WD0SxGVYQXIk3ASYJ7s1TFEOnldSz2VpXrvHYERU=","xdX01NAYvQ+glLigbQ4yanVQSjc0YeSy4z1eLxkMDC0=","20b1BHjeT+kR8au0syFKdXn5HqVgKf3ErHbCFNMNyf4=","npODvFW7x6n/I2NMoDXnzgzA4Ks/HH7Jfy9vjMOf7HU="],"block_size":4096,"path":"pages/emoji.tsv"},{"block_hashes":["Zydj+eIzPfVDAWMfFoFnASbSqAFl8gbYbVfPygDqci8=","QcHQO/00y3/76O5lpxHzgxIJCE45ITPb6xFfzBqS0yQ=","oKD3s1ApTJRsVb3xu8IbRBR5pQGVRscVgfzIuL+TOHA="],"block_size":4096,"path":"pages/front.js"},{"block_hashes":["EZU5c0AqaKKj8ZKADIVCSESnExrSjieFHg8ty7WnE8g=","/Kx3WcOsVr7VQtEalArw1AOpI6nY6pYyv2i6OEEaNrw="],"block_size":4096,"path":"pages/frontend.css"},{"block_hashes":["uWmL00JlFO5XAykcGNLb/UbbwpHwxPo3xdNgK/+gQdY="],"block_size":4096,"path":"pages/frontend.html"},{"block_hashes":["J2BEOoX7vE83ytZ1JdukSJX7dGAVhnx0UV/ysz6E0Q4="],"block_size":4096,"path":"pages/frontend.js"},{"block_hashes":["JYG8ioSMmjWDjW8hK4iV3avYUeePonNsk05H0ATcvfA="],"block_size":4096,"path":"pages/ga.js"},{"block_hashes":["mInh3KB1KFlHPWfOyHQZuMJeAw3eO9XXyQjukRwJ1J4=","UnJgA8OsSwhedjvcJ4qqNa+IxI4KO9UhHj+XcfYnEps=","X4rKMI1v5N4jpf99sP/qj4aM1FbJ60YE3hgEColpMrc=","OMo0aXpbrzeDyiR1t/QOenbwAUXXgy6vJxLOLgCbd9g="],"block_size":4096,"path":"pages/l10n.json"},{"block_hashes":["hbsCEucoJWQX9W9X2Xy96dzZtxy0M1AbfS1yWWV8zF8=","gmQE3UdR0alsi94uTJ5N3CjjHjx8cyYPkCTeTLCqiAo=","JIEGGSzeaACC0mIkOFel7chm0B0WL9Poa9B21r1Do0o=","XtldzDtaJ7NQ5pzBPogOvlU3BLdohaxuw3gMHl8TJiI="],"block_size":4096,"path":"pages/markdown.css"},{"block_hashes":["ZB/eyeyjUqEky5+yN3G5wtd9NtCnxWj19k0+LqCkhRE="],"block_size":4096,"path":"pages/markdown.html"},{"block_hashes":["+ZVhFob9YPO7q0kGxdZHn52oazVT37SP33RGwrcUDSI="],"block_size":4096,"path":"pages/markdown.js"},{"block_hashes":["n47fTl8XDcDnU/pM9+tLCXu5hAigQ6/pwq+Dp5Zq9N0="],"block_size":4096,"path":"pages/mermaid.html"},{"block_hashes":["phNg0upRcRavhU/3MoFDgPAcH8oZMisIMQy7d/t7yVE="],"block_size":4096,"path":"pages/mermaid.js"},{"block_hashes":["BxsMzawJ/gcqzuCrincunJ5kj2B3A4sQT+PRNJWOkGg=","GmXFTk+ev7pGTu+uB9/J/jZZT4b3ouhteU3TwfX0EN0=","6bS6bzUAW6a+jD9U4ocdJwBKZSsJ7lxQCcM04217V+0=","wsCLbURRROm1UsFOQgAWQ/O7YQlJio1HBa0+bP0Ymqo=","yEGkmeIF+32YVRrq3B+VJqOMwgAT/AYo8VVmoGvmjPo=","pU13uJMgQy2LKJNdtVXCZMbolx1/gCP7NyKBfTBv13k="],"block_size":4096,"path":"pages/omnibar.js"},{"block_hashes":["FlmCV+tLuis3PC1hIlr/swCjoAmSCxQ6ZXaLEYOP/hE="],"block_size":4096,"path":"pages/options.css"},{"block_hashes":["tyf8zp/Q+qZr0wWWmM0R8yQ+k0zdCAUfYhXuYPYtEf4=","pY/w1n81ZRQ2TcX8W7c5N1ODfo9ad7fzgd7JGQLooI4="],"block_size":4096,"path":"pages/options.html"},{"block_hashes":["FH+rcRgWa1+RjhXu+vOS+iLS0qZFqQv0WlAA0SsXpS4=","dpI6DQ8+S/W3h5+KrYAyeOlO+gaDNFu6Vmf92/t+NrU=","fuJNgqTv6xFMcPy5Nl8F18koY5V8ccxM3iNTmOdfItg="],"block_size":4096,"path":"pages/options.js"},{"block_hashes":["2SomEzbcGLjAOkbrTUYjgtM/Qzj6GV0wMlayAxQ0yHQ="],"block_size":4096,"path":"pages/pdf/cmaps/78-EUC-H.bcmap"},{"block_hashes":["YWcL68TkgntnIwwFT9DYINbjDDWE0C44aATmK77cAyo="],"block_size":4096,"path":"pages/pdf/cmaps/78-EUC-V.bcmap"},{"block_hashes":["7OZBW4U9YeGyVgFlFRQH01zxbmVWkyuFoT6nUna3dAI="],"block_size":4096,"path":"pages/pdf/cmaps/78-H.bcmap"},{"block_hashes":["aWsflzyXYjSWcDgJ6qpfm0BpbHdUAFdBP0uCagjt+ns="],"block_size":4096,"path":"pages/pdf/cmaps/78-RKSJ-H.bcmap"},{"block_hashes":["U8ttVgqzd9pIz2XW3KywvbMfE/q3BmxYDeOMEqc6f/k="],"block_size":4096,"path":"pages/pdf/cmaps/78-RKSJ-V.bcmap"},{"block_hashes":["KJAA8C/TSHK2l1UDIX8zq65r7mdufSj2QEc6Z8jbFxI="],"block_size":4096,"path":"pages/pdf/cmaps/78-V.bcmap"},{"block_hashes":["okQllSGPX4vY4bQhiONoWH2HbP4MxM2HGW8HfIePcuI="],"block_size":4096,"path":"pages/pdf/cmaps/78ms-RKSJ-H.bcmap"},{"block_hashes":["+N3Oupa/2dN0C9F4nuMNH0fHg3FSCoCE9x999Y8Zvgs="],"block_size":4096,"path":"pages/pdf/cmaps/78ms-RKSJ-V.bcmap"},{"block_hashes":["RAQAUeyBj+CblwNHK+py79J1nV7rX/DXfHGNa7Xm0d8="],"block_size":4096,"path":"pages/pdf/cmaps/83pv-RKSJ-H.bcmap"},{"block_hashes":["wT4EPoX/cVt1uwOAHo/Q+486deSkhJb6prqvkrW0i6E="],"block_size":4096,"path":"pages/pdf/cmaps/90ms-RKSJ-H.bcmap"},{"block_hashes":["SZu5Fs4a2+Qom25YEfTcIOsjjNwv+tIM8mrlZxaIW6s="],"block_size":4096,"path":"pages/pdf/cmaps/90ms-RKSJ-V.bcmap"},{"block_hashes":["e4s7i7+CFwLppN+fNZbOKSOAyMGwkl3trbtOSy2ASYs="],"block_size":4096,"path":"pages/pdf/cmaps/90msp-RKSJ-H.bcmap"},{"block_hashes":["YpbCtcB9yoEo6W1SltYhoyaIA9T6DlgSoh5S/igCqss="],"block_size":4096,"path":"pages/pdf/cmaps/90msp-RKSJ-V.bcmap"},{"block_hashes":["+1ED8D06NFR+GNMW5SttmybkhcZimZIi+E0rpUwuT6g="],"block_size":4096,"path":"pages/pdf/cmaps/90pv-RKSJ-H.bcmap"},{"block_hashes":["e8ta0rpVuWYs43nhbC2cwrgtYhpXmAc1N0EXLkr2FcI="],"block_size":4096,"path":"pages/pdf/cmaps/90pv-RKSJ-V.bcmap"},{"block_hashes":["ov+rKLmQmYGBvMqbDpFLsiB4IPEArjHVxGlESJLlrY4="],"block_size":4096,"path":"pages/pdf/cmaps/Add-H.bcmap"},{"block_hashes":["sp9LUuJGXQSFhW1eafG6aZJ96yhI2P0yjIA1WDs1u34="],"block_size":4096,"path":"pages/pdf/cmaps/Add-RKSJ-H.bcmap"},{"block_hashes":["KqIjLCg6P10Jl8KDSjbOrQt5ziZXlEz+7QgUDCk0YP8="],"block_size":4096,"path":"pages/pdf/cmaps/Add-RKSJ-V.bcmap"},{"block_hashes":["JRJdOxvmToay31szRBcLRaQryqC0bkOjQxTvc8Fm5UI="],"block_size":4096,"path":"pages/pdf/cmaps/Add-V.bcmap"},{"block_hashes":["jGW+nVGp8mmlR9wSRgcHqvQDGrZ+voopAPS0zGs+RQ4="],"block_size":4096,"path":"pages/pdf/cmaps/Adobe-CNS1-0.bcmap"},{"block_hashes":["cxUrwaWcxZS0FKxgaL5I5VErlq6FkgxA4yqZJp/bDAQ="],"block_size":4096,"path":"pages/pdf/cmaps/Adobe-CNS1-1.bcmap"},{"block_hashes":["objTU73vlYTIIEZOjxyeIBPWTr9DPLoKqDHd31FYGMI="],"block_size":4096,"path":"pages/pdf/cmaps/Adobe-CNS1-2.bcmap"},{"block_hashes":["L/wMdcefr95QYWPTwIw5DRgyUQCfP79q5Q0RZ9FLlXA="],"block_size":4096,"path":"pages/pdf/cmaps/Adobe-CNS1-3.bcmap"},{"block_hashes":["mKH0cMh4xrlpGk1673dq+KybVfVYfJ+voAVH879lVxY="],"block_size":4096,"path":"pages/pdf/cmaps/Adobe-CNS1-4.bcmap"},{"block_hashes":["3dbimVXrjLVF8uvQnGKMO72lAjJW7aG3KPdDx1+3eCk="],"block_size":4096,"path":"pages/pdf/cmaps/Adobe-CNS1-5.bcmap"},{"block_hashes":["MXuy23Hg5bewxHt13h2pFcLiL2XwwIYVB/nKe6I4+KI="],"block_size":4096,"path":"pages/pdf/cmaps/Adobe-CNS1-6.bcmap"},{"block_hashes":["XEk/8f25HTBZMwQEU5fagpBNoPOZ5vrl9wYra2XG/M8=","S5FyVm/GQHr11azxfvx8uwJIT/JH1zyDx8KG+zxN20g=","yG5r1qgshfm6SIIXNYyGBnAF0N8Er5pQKKYS/8xaSYQ=","09Xg8AV9xZPptpUE+VRo7mJ+S93JvFt9Y2xPUIXrlw8=","+i871xjUemxwNH1NKDN38OaRio8aJVRCb2B6JhFdykA=","/Aa3ytNzbbpQNlMykAQLtrujhTZ6P02Hqi0BPP6QP1s=","TxeiJfeDO7gBjEKbVBDLxoMlfrGrf6+O+QVEBXzNNZE=","+KkXliOwsDEHhDffe4epvrg+hiOp7V9VV1JBcLsMVrE=","gVyGJLJ8grN3KNhdji+2NGYhnJT7T0D266QjynSyQbI=","p0mLzlCu6ZHaKbEUf7cIb4BADZO2KVur3Kha7mnzSi0=","q9Gj3Db8vxV4qu0EGWHIia8eZZwAibOYGe4erBxHorE="],"block_size":4096,"path":"pages/pdf/cmaps/Adobe-CNS1-UCS2.bcmap"},{"block_hashes":["i4HM6KEdUQ5QVwSVPPpOSrCAwaDKuZEUWjUS7kM5Rrk="],"block_size":4096,"path":"pages/pdf/cmaps/Adobe-GB1-0.bcmap"},{"block_hashes":["BCaYMIF4jscgJwPnHx76S4YPdbk2mUI2AQs52JJRqB4="],"block_size":4096,"path":"pages/pdf/cmaps/Adobe-GB1-1.bcmap"},{"block_hashes":["5ns3qDsWCrODEwanGmBYk7JEVO6BrJthI78tOYTSaNU="],"block_size":4096,"path":"pages/pdf/cmaps/Adobe-GB1-2.bcmap"},{"block_hashes":["qima/D4SoocmFHMF8ZG+KMdJgHjIsYLs54hqx5zZkHg="],"block_size":4096,"path":"pages/pdf/cmaps/Adobe-GB1-3.bcmap"},{"block_hashes":["j719dMLdsTUMHOzOVKc/3j9UUwk9S+1EUoPsADPSCX8="],"block_size":4096,"path":"pages/pdf/cmaps/Adobe-GB1-4.bcmap"},{"block_hashes":["wiyy/P8kES+jHashEb3FGVcAZXbTGq1aJeZ3k6wBQow="],"block_size":4096,"path":"pages/pdf/cmaps/Adobe-GB1-5.bcmap"},{"block_hashes":["i7WPUol+glxMVNNjhWHwEUnNKlqAgSyPX4zBTzWsWg4=","L3xUdb75o3Gq30+3bhbCd4HwYQFTjSo6APXf0SJ1nbQ=","zDq9+viQZsLfP74zHZHc2sXttMU5PACmhvovNPrbYKY=","F4xCeSeIupmmx2MNUFd4fRhT+xHc7SW26gBE4uTHW6s=","NU7m+9m0T1IofbyKLzwtBiL6Xa1QJoq96mR4/kWC9jE=","YMd1HDvPcCMfTPa/DgNvrxL1k7/zL0ngWsP5AZEXzYs=","AcWGsF7CKtslzw6xcesmFHfL0uHjVDS2lIanna71MyY=","0lE8zhwq6uxoRaN93U7optD+1QO7Jg7jc5AUrr46N4U=","Yny4GBT9pLKg21XFUPF+0RzRHuwwZDaJW4C9Q+tSxE8="],"block_size":4096,"path":"pages/pdf/cmaps/Adobe-GB1-UCS2.bcmap"},{"block_hashes":["Rk8IkFI29XA7H1z4NYdnyLGOa8yAiEDQgfHeLHqzgTQ="],"block_size":4096,"path":"pages/pdf/cmaps/Adobe-Japan1-0.bcmap"},{"block_hashes":["TII4SHIhh9H/51rj9fkSbM0teJWgX60UyRn7EZ4DcAg="],"block_size":4096,"path":"pages/pdf/cmaps/Adobe-Japan1-1.bcmap"},{"block_hashes":["eBD7gI42fnBCnpCpR4/mo/3D4hTyXHWCzpwtpqJCMVw="],"block_size":4096,"path":"pages/pdf/cmaps/Adobe-Japan1-2.bcmap"},{"block_hashes":["hN6xgocRrT05DJiZw4q84b9hnWX/e/GjJuyVrMRfCPg="],"block_size":4096,"path":"pages/pdf/cmaps/Adobe-Japan1-3.bcmap"},{"block_hashes":["P4pPl0kZwri65dEBdf+iZzvhQEgeAIQFQshdSO8YQGc="],"block_size":4096,"path":"pages/pdf/cmaps/Adobe-Japan1-4.bcmap"},{"block_hashes":["HTzk/yjZd/jPN6kSrk7IEfQXXDFnsewLJWf+7D554ds="],"block_size":4096,"path":"pages/pdf/cmaps/Adobe-Japan1-5.bcmap"},{"block_hashes":["Vgl5e5QBswvnLvlkXaYqh4KfBYw75LXGIzgxGfWEsdk="],"block_size":4096,"path":"pages/pdf/cmaps/Adobe-Japan1-6.bcmap"},{"block_hashes":["gSURf4lxh6nJufh9mxUih7dyqE/T3F19tdU69l2+0q0=","XnFP+wvKw6BDdM2sQpsb82Ag4RS1Yhco8vQ4npNGFZ8=","vajXMtx7X4opfvDmQp5fyqCsQ7n2UmyvgmxKwB/wV1A=","/C+dsx7q69HGyZ5MBx+zxADFxfJu52VcrEESs4/utC0=","A9PLYgU5kawD1Et9aiWZIElFplpMLwdOEsMZZpSDdZc=","tYeqOnLySQr26M2/+wAuRl8jgn2kvr6NAPQ4G7Kl/ck=","AZZYC4+fuA47NpwqWZAhzAGUHQnF8hjz3YmTTDnMb9A=","x4/I0F+H4GA4cmN5YStqlr/pzYCr4VpQ1qEliiK72co=","/nh1PBIpjem6/vcXDPTkqbuiZVpPz4PKvsbOYi1hRZo=","Im6i0bP1inZ6g6W0h3uPIwa4Sj6l0tLZj1501wIm1Ws="],"block_size":4096,"path":"pages/pdf/cmaps/Adobe-Japan1-UCS2.bcmap"},{"block_hashes":["37jDh08OWow6z1l9LBLStj6QvF5PD86ZDsTFYHfYCzI="],"block_size":4096,"path":"pages/pdf/cmaps/Adobe-Korea1-0.bcmap"},{"block_hashes":["YvJ3t7HEQcAHeXrnB9XDcljQKc5GYaK5EeLh7jXmrcE="],"block_size":4096,"path":"pages/pdf/cmaps/Adobe-Korea1-1.bcmap"},{"block_hashes":["HXcGivRi+W160orX59Q+72QjxoW0edfcJf9d842wOA0="],"block_size":4096,"path":"pages/pdf/cmaps/Adobe-Korea1-2.bcmap"},{"block_hashes":["0EEziGT4pTsQVFepj9IMpDywwBBeV9e2z5M3BsHROsY=","S6uv7b5ZIg6Ao7QI1YvnF6W1+NgSpZxFI7o8xAGJ8gA=","TVVYEce5zeUuTo/DJBpab8IbLySTqbgW1jV34bhoFuM=","ZOPnQowUL1fBy9uy10jSdmpWrOwF/euYsG7fVzss5s0=","L0lDuviZOo8clCCgZr4HCoX7m8c2zwAQx60iEMmvtKU=","J3HvpsftVLMP6XWBgSVIcYDlvgpM64Rp3V1BbizVwDU="],"block_size":4096,"path":"pages/pdf/cmaps/Adobe-Korea1-UCS2.bcmap"},{"block_hashes":["cYrQ/770w0+PPzEpLEYuUZzVZ6VRH8izRsYAENZPTvk="],"block_size":4096,"path":"pages/pdf/cmaps/B5-H.bcmap"},{"block_hashes":["tcNzg1F0d2IM7ZJ7a0/9T0zGIw2AUbW0aiHWdo4H99g="],"block_size":4096,"path":"pages/pdf/cmaps/B5-V.bcmap"},{"block_hashes":["urYCiurR1hSUAOkEqxDP0xkILYJkc+1MWCyO7tkg8X4="],"block_size":4096,"path":"pages/pdf/cmaps/B5pc-H.bcmap"},{"block_hashes":["QVQxQrl2fzt2EziZ/IRTKCsBrTxlOsrupC14xafQjGM="],"block_size":4096,"path":"pages/pdf/cmaps/B5pc-V.bcmap"},{"block_hashes":["6Pic1h5khrlIIF2kZJnWWe0K7ZSbcJX9PI6V/+Kw56k="],"block_size":4096,"path":"pages/pdf/cmaps/CNS-EUC-H.bcmap"},{"block_hashes":["yuQivsKsbb6Gv5Ic7JQrrNLQtzP/zKX5GzuhTpFwJaA="],"block_size":4096,"path":"pages/pdf/cmaps/CNS-EUC-V.bcmap"},{"block_hashes":["6Eh5casgzRbz3j6KxW7JlLcrZYrRE/KBgjnf1RCPUBo="],"block_size":4096,"path":"pages/pdf/cmaps/CNS1-H.bcmap"},{"block_hashes":["Qt+AdqqnV0UF5zBK+DozI+wDLEF31ksTCduMBD1ZSoo="],"block_size":4096,"path":"pages/pdf/cmaps/CNS1-V.bcmap"},{"block_hashes":["vGAk0nTUQPBiXGniXzcDbvbLZolDLOqhYNNDKipxbKc="],"block_size":4096,"path":"pages/pdf/cmaps/CNS2-H.bcmap"},{"block_hashes":["Lk9wqK/SOhIQMPwuW184FukDsR57qLjAllSzHIA5nDg="],"block_size":4096,"path":"pages/pdf/cmaps/CNS2-V.bcmap"},{"block_hashes":["h+5rP1v9pf4m+jVDEmTH1zBw0Q2785inUYXWOuMiwY0="],"block_size":4096,"path":"pages/pdf/cmaps/ETen-B5-H.bcmap"},{"block_hashes":["R9wNLCHjveMXlHrsFnXOq8HVRgpgv5wkM0uMQHoXFyw="],"block_size":4096,"path":"pages/pdf/cmaps/ETen-B5-V.bcmap"},{"block_hashes":["1fWnPaQXO32po6IOFvJvnNXRLesVU0CZGeDOxv03/e4="],"block_size":4096,"path":"pages/pdf/cmaps/ETenms-B5-H.bcmap"},{"block_hashes":["GCUvypD0cvR5rxvd1g1qtRyOG1Xc9oRZUUJlBJNFQ+A="],"block_size":4096,"path":"pages/pdf/cmaps/ETenms-B5-V.bcmap"},{"block_hashes":["bbHu4laGiiI/yWgU98V6okObEkEt7Gvt+w1czb8XdfQ=","AQNREXxrUXSlrFJYzoMw1fu9QcChg6fspaHmU5WD39w="],"block_size":4096,"path":"pages/pdf/cmaps/ETHK-B5-H.bcmap"},{"block_hashes":["H+o/0Nnw9nn4BQWACFHvLkEx2BEn4YwAaTj/ovTIskc="],"block_size":4096,"path":"pages/pdf/cmaps/ETHK-B5-V.bcmap"},{"block_hashes":["+ZOc1X/M3GXF2fTCBf1Jfr29KDZDMI2lZjgBqMHZxZU="],"block_size":4096,"path":"pages/pdf/cmaps/EUC-H.bcmap"},{"block_hashes":["EoOlCnBlB8RDbag+3prXpEQL4lN48ulvbIGkMAgUJqM="],"block_size":4096,"path":"pages/pdf/cmaps/EUC-V.bcmap"},{"block_hashes":["QADtTmGhxmjvRTu9BgPPo4Pe+nk6vUalfthw1/UnNQs="],"block_size":4096,"path":"pages/pdf/cmaps/Ext-H.bcmap"},{"block_hashes":["4NLw3zN2YOc4EyON1Kcl8R8GIbkPMnOFfbJT0OdpTKo="],"block_size":4096,"path":"pages/pdf/cmaps/Ext-RKSJ-H.bcmap"},{"block_hashes":["9heiK21n/rsYeZCVIAbJGp9aTbIRVdJoxlYlLQwhmF0="],"block_size":4096,"path":"pages/pdf/cmaps/Ext-RKSJ-V.bcmap"},{"block_hashes":["wgh/uEWp46zqDCkizUDmr2fhGVe+x03NWX8She3UkM4="],"block_size":4096,"path":"pages/pdf/cmaps/Ext-V.bcmap"},{"block_hashes":["koutBv2EpI9bpxUNdxZgkRn7Zg8qqnPsytgd2rm50gM="],"block_size":4096,"path":"pages/pdf/cmaps/GB-EUC-H.bcmap"},{"block_hashes":["qa2IrCR52lKbFtxIq8WVIzLie8NVM1+R31cppYdTMyQ="],"block_size":4096,"path":"pages/pdf/cmaps/GB-EUC-V.bcmap"},{"block_hashes":["EBjHd6iRC1u0bX1UpK7p1Rylz/it2ytByWnZEByz/Rw="],"block_size":4096,"path":"pages/pdf/cmaps/GB-H.bcmap"},{"block_hashes":["C5Z4kUPAu/nxZBrnFls0VtzNFNq//LsL1lTVv2+U+GM="],"block_size":4096,"path":"pages/pdf/cmaps/GB-V.bcmap"},{"block_hashes":["mNTnDMRw1bybzoU2hms12iL2LgWeQbJcqZkd12ozgv0=","879hzVpdaeRaRHx4STE+SWz1stXioinMMfKUgGP/zYE=","deFLPqJgkfPMK7KNy1XYJ1TD8AJMnR5cEuVAk5vw+5I=","v9QqGmxmXN8AkBIc48lZUEzLi+sqjSL9ZzJexHs20NE="],"block_size":4096,"path":"pages/pdf/cmaps/GBK-EUC-H.bcmap"},{"block_hashes":["p/013RTZ29uVXzTmwGMGGLZiDf0J1Cg7L2WmXOd/yuo="],"block_size":4096,"path":"pages/pdf/cmaps/GBK-EUC-V.bcmap"},{"block_hashes":["VEevb6fTTXhD99pwqcwYkkUoFw5PxXC2tMXkpVvRB7c=","6SeHEeTtJNIKdyrMtiwF0SFABVQNt9lg6REmidLf2zI=","crXYnMmNwejdfU+Lxt/zdyfpGn11pGS1HqghJQmgR8s=","ln40IGAxRWvgxrDsBrLny5CVPyF0cGAQjwtqGQDA4rk=","ar7DnFsUfxSKYMdyCeluB8rcLNgRvIdVBZu688Rvg7w="],"block_size":4096,"path":"pages/pdf/cmaps/GBK2K-H.bcmap"},{"block_hashes":["uSf9/VlcB86RWL8uwT9GQbLoOwHHCYna36vW7Xxqwtw="],"block_size":4096,"path":"pages/pdf/cmaps/GBK2K-V.bcmap"},{"block_hashes":["7TZbIuOq81rswtwLRCqQLeU23L85KHVOedNMzLSW8zM=","h/jxViJAkvR9sZQckhIVCoCnkMb3Mzn46oWiE4NBcQ8=","q0WNYTtig0eauLAYr4F4pCO1YvVJ2mstmi49G6ie698=","fvWfyWIoIeR1gVEzIIAIuNc3xcl8I8VCZT4N3xqJAnI="],"block_size":4096,"path":"pages/pdf/cmaps/GBKp-EUC-H.bcmap"},{"block_hashes":["/cc21G5kJiXczIrYxZ8safx9t6E/LnmcbGt3nnB7uXo="],"block_size":4096,"path":"pages/pdf/cmaps/GBKp-EUC-V.bcmap"},{"block_hashes":["PEpOuC8Fq+UfZlCYXGMOGAQ4v91JExj10g0uwpI24cM="],"block_size":4096,"path":"pages/pdf/cmaps/GBpc-EUC-H.bcmap"},{"block_hashes":["IVvfooQnBWJLTPTNKbjjxyDx4ZI2XgMFwRAwpCTITXw="],"block_size":4096,"path":"pages/pdf/cmaps/GBpc-EUC-V.bcmap"},{"block_hashes":["FGnl4XNRqFYxmiNsTW0l9tMIHvVjIyvRJbVcJlnLzG0=","KUqHKp2vruB+FJ/Q+Vl9R8B5YLCE5+oGW93fjm6STls="],"block_size":4096,"path":"pages/pdf/cmaps/GBT-EUC-H.bcmap"},{"block_hashes":["oa0k5jZTuKo4jBj6XkmPAHVk5D3eaZqfkcy0ZFyZm+g="],"block_size":4096,"path":"pages/pdf/cmaps/GBT-EUC-V.bcmap"},{"block_hashes":["EBtSKlL4hQwKEDt0boI9706uqMRKG0IiiUvSZObTQyU=","U2V3RoqLdQbjR2rbwe7CTjfsurKnO1FZi2wC3X2So+Y="],"block_size":4096,"path":"pages/pdf/cmaps/GBT-H.bcmap"},{"block_hashes":["zcLsXDx8cDMpDJqIlIeCAvCGdOubGufTYhhDAyZ2h3E="],"block_size":4096,"path":"pages/pdf/cmaps/GBT-V.bcmap"},{"block_hashes":["hfhzfiQ5+uCfKnBB5CkK3jrakxfJnkbh9aApqGIDYDk=","hSO2bSDRBByb0IAINJt+PJAM6SLoAT8l9b5CWYjw5bM="],"block_size":4096,"path":"pages/pdf/cmaps/GBTpc-EUC-H.bcmap"},{"block_hashes":["16GxPq2atRHPLNAd5s6LAqqOh2foSJUzfXo7Z/A5+Ts="],"block_size":4096,"path":"pages/pdf/cmaps/GBTpc-EUC-V.bcmap"},{"block_hashes":["oCM+IQR+wAuFISWyQ8vPMKvuURFVttgVnCT5RDhLye4="],"block_size":4096,"path":"pages/pdf/cmaps/H.bcmap"},{"block_hashes":["tFRwH3rs14VnaQFt/QTKZCgKBg8sZ6JGbVC0OV0kl04="],"block_size":4096,"path":"pages/pdf/cmaps/Hankaku.bcmap"},{"block_hashes":["LtZpOUdW3ZRYZRzZmVqymraR7LdoZlkAMwbN8idnpBQ="],"block_size":4096,"path":"pages/pdf/cmaps/Hiragana.bcmap"},{"block_hashes":["UkK84Y+xOrTMWbFGoD66NuTOQmZ+7/CeEJganSqkmWs="],"block_size":4096,"path":"pages/pdf/cmaps/HKdla-B5-H.bcmap"},{"block_hashes":["LgU394bAeR1BqSX3K60tTnJoqmy/FaFACnImcs7Djiw="],"block_size":4096,"path":"pages/pdf/cmaps/HKdla-B5-V.bcmap"},{"block_hashes":["/cgVmYS/Xb5HXA1d/LYh7O5N6gfDjGaL139MZ54jubM="],"block_size":4096,"path":"pages/pdf/cmaps/HKdlb-B5-H.bcmap"},{"block_hashes":["sknrncuRWrRQV8XU16pV74jQ77sJKva64LLUcF0Tmr8="],"block_size":4096,"path":"pages/pdf/cmaps/HKdlb-B5-V.bcmap"},{"block_hashes":["q2TH/F6bLpd1DMTyabDaFP2GSeSRUbdZjI34ZZm6xZE="],"block_size":4096,"path":"pages/pdf/cmaps/HKgccs-B5-H.bcmap"},{"block_hashes":["AuvffN/7U5X7IQkc1YoBOhiuU4iSKCL53GKS7xa5iVY="],"block_size":4096,"path":"pages/pdf/cmaps/HKgccs-B5-V.bcmap"},{"block_hashes":["v9i73ms2qdpMHJAsdBIaMNmAenB5oA7uohi+atwiPO8="],"block_size":4096,"path":"pages/pdf/cmaps/HKm314-B5-H.bcmap"},{"block_hashes":["KmSoFc+2/dSAZ0qGh2Lj0WH9oXVDsgySCZeFWfBmcWQ="],"block_size":4096,"path":"pages/pdf/cmaps/HKm314-B5-V.bcmap"},{"block_hashes":["SdfAN3WIJrW2wPoynDW78l05Qxl3VOcuzTDG+wTXReY="],"block_size":4096,"path":"pages/pdf/cmaps/HKm471-B5-H.bcmap"},{"block_hashes":["viTBCeeKpP48HyfTCqs+0HQeeD+htrbCcZdBBytUsTI="],"block_size":4096,"path":"pages/pdf/cmaps/HKm471-B5-V.bcmap"},{"block_hashes":["omfDLXYS9eZpIYXi79FKIBs/jY2n64uHKySDPf/FmZ0=","sRKAmKELHvsADBAA2xf+2L0UCT/JMlhYB8aInb/gHVQ="],"block_size":4096,"path":"pages/pdf/cmaps/HKscs-B5-H.bcmap"},{"block_hashes":["0HNUK32tHEy/AcGvXwzRMhjRKBpJGVbjEMVXAvyHBcQ="],"block_size":4096,"path":"pages/pdf/cmaps/HKscs-B5-V.bcmap"},{"block_hashes":["O2ymZC+/iCLaANXlioqidSFtXDLb8r1z6TQZf8n8XFM="],"block_size":4096,"path":"pages/pdf/cmaps/Katakana.bcmap"},{"block_hashes":["Z4ThbbxYYcA2wj0+VfDUugl1o+Rk2g7o5JvP/wvgcMQ="],"block_size":4096,"path":"pages/pdf/cmaps/KSC-EUC-H.bcmap"},{"block_hashes":["/bNrrYXpkkgj1J2zdAZ5iOAkz4D8iUcR8skXiVHLvpU="],"block_size":4096,"path":"pages/pdf/cmaps/KSC-EUC-V.bcmap"},{"block_hashes":["wfbWHx0zBP1TmmWucmJPpWfsw4U79S4oOVinolFbPu4="],"block_size":4096,"path":"pages/pdf/cmaps/KSC-H.bcmap"},{"block_hashes":["9rzumVRTTWYy0yvlp0LQT71m9VsX0I4ATpnbfD33rFc=","2HtWDabDoicDPMTIm2+LPwmkhloUnxAC9PlXhe9wS94=","zyIQUBKwjW0FL6bHH6TQb6I2xhwAlayY+bStb0kapTY=","BkOS69BoPdSoyd3lFokbqHPHuojm9HR33Nc+OVx+VtA=","fhCd8qwAZYKwUvv2c445rEeCwzJzKBF0WXsJ98/1MjU="],"block_size":4096,"path":"pages/pdf/cmaps/KSC-Johab-H.bcmap"},{"block_hashes":["XWGWeqwOZm3vch6LjQ/tj5WoeaFPLnbOUWw9EcYh5Rk="],"block_size":4096,"path":"pages/pdf/cmaps/KSC-Johab-V.bcmap"},{"block_hashes":["19pa/Z8f50gW15yTJfATmk77ZDhmTr/fmnqpLzA0Ng8="],"block_size":4096,"path":"pages/pdf/cmaps/KSC-V.bcmap"},{"block_hashes":["W3DY9qT6niKD3GSfD/ldkG1W777lCiDo0vrsOo/tB44="],"block_size":4096,"path":"pages/pdf/cmaps/KSCms-UHC-H.bcmap"},{"block_hashes":["pea6IqzrAv3t7hG/ue0ThGPYnoW4eBC58HW0adk2+Ow="],"block_size":4096,"path":"pages/pdf/cmaps/KSCms-UHC-HW-H.bcmap"},{"block_hashes":["iQMypqJogNRjoS8qb/BIv5z35FB3z7HKiBW4m6p79BE="],"block_size":4096,"path":"pages/pdf/cmaps/KSCms-UHC-HW-V.bcmap"},{"block_hashes":["FjG1McmkDIy+JMIxfboQc2Lkn6bhivYgQU1ifBEdVww="],"block_size":4096,"path":"pages/pdf/cmaps/KSCms-UHC-V.bcmap"},{"block_hashes":["cJSAaCxVztuwEkuZYNeOKP6+7g3y40YH1hqsZgFkfsc="],"block_size":4096,"path":"pages/pdf/cmaps/KSCpc-EUC-H.bcmap"},{"block_hashes":["AxcHiH1vwjeKNs22d1M0/XojbD+VBI2ENqv0P+JvxJ0="],"block_size":4096,"path":"pages/pdf/cmaps/KSCpc-EUC-V.bcmap"},{"block_hashes":["qpKrWkcpdIZalv1KTpwTu0G/b+GzCctrjaSLyeGYOaI="],"block_size":4096,"path":"pages/pdf/cmaps/LICENSE"},{"block_hashes":["KGxsnjNdozCSigHtw8l6OmI/H388QnYrCn3C9lGxp48="],"block_size":4096,"path":"pages/pdf/cmaps/NWP-H.bcmap"},{"block_hashes":["OnX7e1mt+xcnEHWMQl2Kxsk/1TYKZN1K/V3QTmCrS00="],"block_size":4096,"path":"pages/pdf/cmaps/NWP-V.bcmap"},{"block_hashes":["pw3mGiKomPaT8CzAEcPjz/LhCqp83bRmHkVqIa6Fn3g="],"block_size":4096,"path":"pages/pdf/cmaps/RKSJ-H.bcmap"},{"block_hashes":["aMGmRQZHGlJOpc/Ds6n49wAxmJpr2VQnsTUfM8z1CwY="],"block_size":4096,"path":"pages/pdf/cmaps/RKSJ-V.bcmap"},{"block_hashes":["HGs++dnlyxqjKRQs6UFLkPm21/kYKiqeknN42rjw1D8="],"block_size":4096,"path":"pages/pdf/cmaps/Roman.bcmap"},{"block_hashes":["UvHPzvIL+kp7/NyREB0bi1t6gH23mOMdXq0kEibe7kU=","c9lOypPI86cJrqw0SNNtUt5Xal5W8iHifZ6niexM2Qs=","U5jOZNWp0sXDd/LiV9FA54Ls3EDe5y/4bicAOBF6S4s=","93Mob35vuzii3hnQbONDqsOJvvRZx8mA8y/yheXBb4w=","1JBGXPPmBMCpNMYoIG61QcC4Ajz7asjdmKLao9unFUs=","RULJ2zVo3m8u0+rf2KsqcHeXXPniGO1nI3eFpLJbBlM=","RvUdGlZS+TWj0WbP8ICXQ8geZR1dsoOQ2/0LfDCnpa0=","AEA+M+v2yUn4KhU43+PQMruY9gfETOBhd3mSLuCW3N0=","3QNk8/52I938ibopr+L9sZDzY9WI6ZcaFqYpu8ZVJiY=","7zKLeD6fZgbOCxtdvctC9v++1GP/xdb6BpEMwFEVdxc=","seSxyAobgPPwk65/MLJSyM9K+ZnUmOvq8EIY2R3b0ZU=","c3jyzi8lOQFa4MZRAz+DBgS0+WBcaBw1nnVdpPxMpPQ="],"block_size":4096,"path":"pages/pdf/cmaps/UniCNS-UCS2-H.bcmap"},{"block_hashes":["HlzBhLhQ6kSrwt+K5WdCed9mjo7fXioaLqK9d629KA8="],"block_size":4096,"path":"pages/pdf/cmaps/UniCNS-UCS2-V.bcmap"},{"block_hashes":["Hn8PXbkg5hZ92ZwTaxneK52nHHaqI8aiJxFKjalJv+w=","3o7Vi9srzqS1yxcGTB7VBi1kYFDPNm2oUwWWwRWzRAE=","oiBkVCOWAnSGLxNmvrvuqcQvj8nQhPSyZmLLWcWeqKg=","7/AVYPZu2n8Kyn+S9TpVx4WpLzerDcvGCkFFNOlM1lo=","YHFng+sVKvU8E3RFFDCFoNRaMP7lMke8DazX1ZZNcZo=","Yeiq2bEOjMiM2qqi/8h4bu8khFDTTU0LInretM/DH80=","Agf8ikYNlVSRjFdTjC13e2yyYKHt7UU0IUV25SqAy1g=","Iuo9wghmcFkJ8O7Q61vupSqLcj/7HK3XGWnqEvshAbw=","MtAjZg8fd+pdAg6a3B0tjM1+UL9uuouqZLvjh9j9zc8=","gqYGBDG00hRhSDwImawd8le9T/zpvE2BOxA3f1d6vJ8=","+gltJJsReO+L2Kpwe6i1u7f4Tpk82hg1bqpJSKfFvuw=","YRvUyRBlCBzOhFm9/b1demGwH4wl2aBIBTNUF0o48i0=","spm0wKMQjRVQohOELzQw1MYV5jEby9ncNjcixx3xl38="],"block_size":4096,"path":"pages/pdf/cmaps/UniCNS-UTF16-H.bcmap"},{"block_hashes":["J46x5o0aI2xg71lHLPAXbuDUXzZChedsoSQZoI1G+5o="],"block_size":4096,"path":"pages/pdf/cmaps/UniCNS-UTF16-V.bcmap"},{"block_hashes":["o31bpVc+gQ3+KmNCEgFsHdZnToJARx0X7kGnGkvQe98=","5WmsRSjCHnwcuv5AJ06RCDcO59iRyohaDoImJ6gSIJg=","E+lG34s/6A2AK+08SoYGXKIRW42/dNEHwBMPnP5jIYE=","wqEk723ZeVCUgG+yt9hbamPc7cEqh/ODneJFTx8YG/8=","b51iCLFioZoCcb8Fbmz2AZklMRwUoR0El6k/OyQu8ZE=","qQMRKBIFWIzt8PXHB6MhEpCCBikKoiMTaMgftC+gViA=","IINOOkVi7YJYTOPKBr2c2aHO7Zg0RybsYSolcpWa0ik=","5CodStvG7WMLVQD6IF/lPw/PU9rQk7q1LuI2ChJ0q18=","w/z9C6cJbFxkX7epNSngSN/ZKK3z+NjYSdPrcyqDLfo=","IgoOJeoha6mphF4Mpz/0C9fLl0AUV53cw8ssVcUgK/I=","WKr8YupoQ4TU+45eTUJZAhtteilLB4xi0gOyqYxwUgg=","qoCOIufgZ9pcl5od0rr7T88yejrFXvS1X12kamhpq2w=","n1h8krjxTKnnski41OzI6Ohsnyo7mtmL7lgblDG8EmQ="],"block_size":4096,"path":"pages/pdf/cmaps/UniCNS-UTF32-H.bcmap"},{"block_hashes":["99o8r4POscs3k2+hBwDZum6cP3LFvJck46x5v/DAF54="],"block_size":4096,"path":"pages/pdf/cmaps/UniCNS-UTF32-V.bcmap"},{"block_hashes":["M7oWyZ3pfNnLt6SYYEyN7NrBadAWG4fVQ46BGHoBYUs=","p2tA5A9BCnnfyPvuEPME/3rczy8bDerZtyLWNLrNXnA=","NYI+6dNY4JufB1JoMGHe71c1amiae0k0GXThUzAUJ2I=","G7oLvzSc8NTZ0xnIpDC21pVMb5NMz41KQUSQA9k5IDE=","4Jm2g2uA/fHckjf4PuWlwqppPhZ15+KjfNWS7xvXbjc=","iRFXWkj3iuUwTOUySg9yK5zy+JzYWcqfewHKB++90ac=","lEBs/CvXzz7kQtm7O9pADxGMi8VFX/fPGK/gxciRH7w=","FoRIquriW9Gb5NCDqD0cQu+aq+lC4yexA2eSojdIqdQ=","OcKqdwuW515FaluA8uXcpdjeMQYm4uWdVVXs8SGJFJY=","G56RXFgj3F1I93GASEkO5n+t/o/5NxyAl9VN35TDX4A=","hysOBvefrhGZBm2CLV1l3kRc1lVaIb3oWEeQUbX6rZY=","mYXHXPWF/Hs1L+eu6+JDm3HY1Fm+MSaFd/PpFx6ojpo=","qiqJaF4LWsCbhor37u2FceM50Q+4QdHJth4hgffmYFE=","gQJhQ03mr3r6bp6nQCr9zNrjK5Z7W4PlhAApvvTmmGw="],"block_size":4096,"path":"pages/pdf/cmaps/UniCNS-UTF8-H.bcmap"},{"block_hashes":["t8PxB4Coxi3RyP9sMNweTiO2zch8Opb81RTMmP/Tr50="],"block_size":4096,"path":"pages/pdf/cmaps/UniCNS-UTF8-V.bcmap"},{"block_hashes":["OS1AnUf/1DOAdznbLEIoTIZn961j6HjO5eNqTqheVHA=","BJaiu5SltqdrBDGprcMXVq7uyJMHp0BZC3cjsGT0je8=","lyJL6XHxSixOMI+OyjIuLsvawFc9mtIqMHzWoepSCG0=","O6AbtrBQMJ/C85mFr6Ymyg5+tAwqVhCdtu2TwE//YVc=","iarmSWvPSjAhO3fiq/vnM5yrgw8TxrjERxgNAxLmyFw=","TG4PT4/Eup/lb2Y80g1k5ne861cANKoXnkH8/zNdcOo=","3ovIMfVe+EoJ0/nDZOp55ZqSAnbDxL/20KADAKQRfwA=","qMOxHS9uV6wMrS48zW0UQdsUhfPKDTDtc2SUUoTxk9M=","Yd+CW73TEB436RfTy4BBEb6beYlFPAQHxSdjaId/2pw=","JjnTF6a679VMlBKwU6e9Bkn7I24/Hc8gvqIRy72jBNM=","D9/MT0OkE2zF5ACyfNQA0fZuowq6nzXRDi/2c/xZv3A="],"block_size":4096,"path":"pages/pdf/cmaps/UniGB-UCS2-H.bcmap"},{"block_hashes":["8QKCM15NZCA7wqZTo6R9dF7HbIrgRUn01QGAwYmb4hY="],"block_size":4096,"path":"pages/pdf/cmaps/UniGB-UCS2-V.bcmap"},{"block_hashes":["xFk9opoAO5WECRBBWWCl5nOCyjj/N1WwVQw0HuroYlE=","RVCZgORhS1CgbXpVjaPQt0qqSFwqmC1I16esOzkctuY=","VIjSUmkNIhEKltrVB4mYT2n1Hkmjyuid2Xu1SW/f6EQ=","rAPdV8/vQIS+NycLB0GweQLENT927dvrgEKxrEUv+ks=","DJELkPqYkILUv1hL6VraelCmxq8F9i6nt9DJOWfB1ks=","0f0ZpgrYbAQ2Wy5a8xyvcXffmoc7iPnKshXf3jq7tm4=","GSOj/87ZzDp4Hyw1/V2gZb3UMs2MpDIhwyE8zVKlfwE=","B0UjxE04zY+om2KIQ8Jmz68KV4UfZR25w3PUKXSijns=","iOgDAUG6S3Ac9PTJuK+WWn+di4A2rBoEgVMXumanm3s=","BkH7lqmmmDGk4iBtAyEy5E2GRCI/V6tJGRw86enakUY=","o6dN8TjvaRRRtyy//T9LFsBqgbxMCRro49an2jzoJws="],"block_size":4096,"path":"pages/pdf/cmaps/UniGB-UTF16-H.bcmap"},{"block_hashes":["BHPPu6YSuS3ZkY8P+K7pESiXxI4P/cDrgtoxRO2OqEo="],"block_size":4096,"path":"pages/pdf/cmaps/UniGB-UTF16-V.bcmap"},{"block_hashes":["X5i9DTPXwNUWWsZBofbGbIy0R2Cf2Rw3k1gs1YD1dRU=","deaZqsdmPZMHJHHDd4WZTTENw2ZvxkzpPc9k36W8ra0=","hgxYNd88XT6B/rcNEsasSCnvEfu0ixVb6mPprDSPZ/w=","5TXd7oZ+AAlhu3FrFMXSwwBzBnWDRcQV83qbEwnb++U=","eX8wSh9/qAxHdFUX7qEY63DdkOxw735edsHOa0zpbRc=","SbiOZ7psKQntxLwygR4l4mSZwx1epHZ2YFamtsffBBI=","SDfpxDIqa2MKzNmCxxmqxD1RLeCtw6VYrTidk5BSImM=","PPUV5YDEs3lk+OlEEVfRg8mOcEgmESVLfZKfqr80f68=","pAiWgBnQhgjTTZgvzSNfnZ43lzLJpg3hcAC/1LgXtTc=","cd/Dvf7R2FKCEGxFRJOrMBBWQZTtX+tXrtgzmbZpQ0M=","g2TjBk/ZqLNviNE5XJFCNnIXwxLuaaYxt6GJy34wrzc=","8D1qXbJDY1iIs3BJ0fo84SC7Qgl4x2bLoKKQbnewImo="],"block_size":4096,"path":"pages/pdf/cmaps/UniGB-UTF32-H.bcmap"},{"block_hashes":["EGrMSbcRi975ROMhB7TzSCOPOSmgoV07eqt7kQFTWZM="],"block_size":4096,"path":"pages/pdf/cmaps/UniGB-UTF32-V.bcmap"},{"block_hashes":["5n04MIgW3TzrspRIsgNFhv2EL7yO70wbJJusQ9/zjec=","+yx57Ahr5VdXPSOYnb7FImlC1mrxsN2hC0gU6/p1qtI=","Tb0RRdJkNtFpQR/6zkJt2j4IESY9Zce5AWp7XtNaiPE=","7qWpG7TWmuKamsbY/VV+hY6IRbxLr4W/yNPZeX+jtSw=","Bvm/ilfeIBwcoCYyXXcIyUx2Gu//CbXWOwhQmEEMb9c=","lS+sDF3qygkIRMJ6jGjZw5419SUpNiICZZIFue1fCWg=","cmfc9MOoqJjPe7bHo5BJc4kiYrzdSCmPVrph4LGMyU0=","7Lg0hD1L1LUnlI8YBkwAwbKqvFuJyjtwVMTQTQqmY8Y=","Xx4n4IikxTWPZ1N7/xrVgvtaiYu0eCA6GrxRBVmzJrE=","Q9LpDr8r9pWAMs//t6i3CupP0s9na+mOw//jLgMPkzU=","+5L0sfL87Ckl2eCQGC+EFYpGv5Nnf1Nxz1yhfZ/KrC0=","hnk7FpTF7c35oPtz379M0wzUiYDg4NY9OMSQTNByLSs="],"block_size":4096,"path":"pages/pdf/cmaps/UniGB-UTF8-H.bcmap"},{"block_hashes":["pk35R2MoeOrMUy+hk8c1ySo4O31m5vg3SsGTr3xk/GM="],"block_size":4096,"path":"pages/pdf/cmaps/UniGB-UTF8-V.bcmap"},{"block_hashes":["OBrwpzmvomI1tn9vmtcSxGGJc7TDWo35ZPluvYz1lZ0=","iuvTkuQYQFpECyMxpBksekhXZkaCVxaTB5wfKEdhIzQ=","zCqhW/WeEwBMK1mE0f+vJT+f3LZXh2Dph+TTVReSrfs=","4aoTeN3PRXyl2vvwWt8GlwrtoN4nKyep04mNYbKcoUE=","gh4I7halbwDD1Rv3dm+iUvLVdEeWbhyuLPYeeYhOwMw=","74IhKPalQB5TOm0PTLSROf/HCKj+7iYaMRiFfifbx9c=","8nKRwAQ5cFGXB3m6OvQScuYA8FNLgnQV46ngfjf23GI="],"block_size":4096,"path":"pages/pdf/cmaps/UniJIS-UCS2-H.bcmap"},{"block_hashes":["Fuh+3KlUF3wIgch0hZ1ngyIJJdghtc37h1W2Hr2T+c4="],"block_size":4096,"path":"pages/pdf/cmaps/UniJIS-UCS2-HW-H.bcmap"},{"block_hashes":["GXNFfiwBkoGZR+VgaGJbNPuacuzIpHbObX6q5fc+Llw="],"block_size":4096,"path":"pages/pdf/cmaps/UniJIS-UCS2-HW-V.bcmap"},{"block_hashes":["QqEz2OLOndbSKIAY4BWS0r8kNbMm05uU6gtuakSsM9M="],"block_size":4096,"path":"pages/pdf/cmaps/UniJIS-UCS2-V.bcmap"},{"block_hashes":["0Uo/rmlJ5Lg9zj0pUWjAr1bRvuRk/1jkAhd8dUwGUUg=","WOhEuCmiX/ZmWqWWaus2aHxYGNfl6dXTIpGGNx4DM+0=","xpnTyK04Oso8LKo0W5QppaL/iPpBxbdJuU3U1AsiBDc=","PwLFHcmGq+qDxC4ZIO76IPDIgDwJXhizBa7nnQQyX9A=","XkjY+T2SQg1iRlTqOADN9xmxqUHmdFDjXdI7gqzhbek=","3RxFPJ+W8qye2mBDUB8xydAggwKYtkj+kICecGoVRXk=","7I1N0RNstbtVEjymMGDeM7M3OsY45xzsUIKMY/WmmB0=","xqGl2LZ7wqXdgedfviL82JqACotk/O/l007BQgDfmA0=","Iw0T/Be5Jzh6uj08cB863ZHQN/WQoN57TqEO0PkGDig=","uFP4DkuJGiFNz3o81deEmRc9YmWbIiNbiI8NtCW8abw="],"block_size":4096,"path":"pages/pdf/cmaps/UniJIS-UTF16-H.bcmap"},{"block_hashes":["xnEm/HxzhQhVGGuw1kgqwKNlBX4LWHeMSrnyNGg/71M="],"block_size":4096,"path":"pages/pdf/cmaps/UniJIS-UTF16-V.bcmap"},{"block_hashes":["bqU/mtu7cPASiQUjlQMNFoYPRn/WkUnIJOFe8uQB238=","qAU1tMGtmRoCRfMZHlSSMbhpvV9iGzw6jmP5Qbf9Q1o=","dEjAq7gsH/dx56uSDA1tSX+zJt7VE6WRy7Cljr4K7Ts=","/SnmkvtixhsL5JYXsKeXuMveyOi9U3nYiBgbfcm3pM8=","ekGoM7iloHNd/Uy75EsWgYpPpDIBNalm1bsffqjemU4=","hgzoUsFrqoiuEG/bwfLkZpN5f/3enD2+ADj/NanC1vA=","tVfVTEyIMZpcMpF3AKWjNaKIKaWkquDhAvGGK/btpG8=","6W/F22ebYsaFP9xBGX8+nDe7yTXNpqwmsQS8WEYuMV8=","ucRAygWVsN8ntHSVHTds14mHeKnSI1USQl85P4do0oU=","aEUJSF+1k7pGkqNUVp3Ee//9iq/JUsR8x+xeAowP5lo="],"block_size":4096,"path":"pages/pdf/cmaps/UniJIS-UTF32-H.bcmap"},{"block_hashes":["7U2v2kAr3RnE1di/KrQUc8D4bzhFUrTHuWPWYn2u3rE="],"block_size":4096,"path":"pages/pdf/cmaps/UniJIS-UTF32-V.bcmap"},{"block_hashes":["q72jbYwPXdKNbrN99+TcCEB12SS1ffyhMNFbxGxgWOU=","pk1t4iszaB51fSENjtLUlaDrYB3tM5989d0W2ZzIelo=","5FG2LewWBIWP8rZ5Gsew48tB5oxZ2TXSexghN/HwJJg=","KIR2WXt0fhpP1xxSCQa/fmGK0C8NHq+P/Xfxo2sYgxw=","eMWcsCNn8zCGXjT/60uPpSb9mYixO8IsLl6iNjTWQW4=","zh82N750pmGOJqCpab4OrOMbQv8HZC6SkaVlWKRqiRc=","XgjBsGuAAY5AchBz5H5aLGSbtH8H2y2NYDec8vcxLbw=","dRVqtJRE1DZ8c+x7OYzSSI9SL2Ejv7LvBxrfSZP42Og=","jaCQEz5IwhfDVCEHZBO0wHm7fZbvraiNn8ud48Lu9WM=","+Tno6QkuVj52S1HmEAVe/EwYSV+vSOmAYwiVCG1J++Y=","lSPQh63+nTmcx5edNj0q3G/XUqeGa8qL7A2vAY2jwB4="],"block_size":4096,"path":"pages/pdf/cmaps/UniJIS-UTF8-H.bcmap"},{"block_hashes":["ECFhFCT5E7LfC/2+lL0yfATiJOyJ2OghxlAeo9IfQmU="],"block_size":4096,"path":"pages/pdf/cmaps/UniJIS-UTF8-V.bcmap"},{"block_hashes":["P/Y59fR1haC7mLCBUdxg/kyAch0Pu/OpHJtA+PXTD54=","T8D6mpkszS+LKWLIzuCojFH5I3VvLtTBZEPUpVYoLSw=","1AxCTdYvj7pnmuqOn+u6FiL/yIVYnWpo3/Xl4Fj8TK8=","oP06EqCEOo7HQs5f+90+yEghBfrwPnHnxUTC/d3bN/8=","Pk7O2t8I890zaiZ7VTdXswq8y4xkzqk2jaYJY/KU0dk=","i0K6jOlPhZWXviiM22ynziJfcNsmW1qgyEJ07g2hgJc=","USHq5mYi89ZNQLqqvFGDxLzYHV3J3X9kYkQ32CKhN9k=","1aVLBJ0S4gkyRNrWuaFciX5id8BzQXgWTLDu/vAftaw=","cIDzyWVBFIDUdhoxCGSxugUlhGR4NsiZtuUZwzTHPTE=","JGGHLZxY0/qdIpl3FB2gh8KRQicQ0AjsLLT8EUV3Dio="],"block_size":4096,"path":"pages/pdf/cmaps/UniJIS2004-UTF16-H.bcmap"},{"block_hashes":["OxSa/1xXB7V/syFdF3WFLIsfQT7A9nnqYo8lz4f+CY0="],"block_size":4096,"path":"pages/pdf/cmaps/UniJIS2004-UTF16-V.bcmap"},{"block_hashes":["WfhSoXz4YxGfYG6EhOyz6bFQS5tAaCu0BoCgamv+UAw=","LFJ050r3pjl1Z5M8V0N0N/b65viXZ9CdNQhvuAbk0R4=","1MigDjo+I8B2Oc8Ad0OrntRn1bGTU4ASjjvZy9ing0s=","Y9lypgRsUsULlWQHv7o75339mxRkb4LRGTiQe2ONVoQ=","gtAtTz1z8r/mwQgi6KhPygcoGO88g3FwxwPhtnzf4YM=","ZlgUVs5kXbYGJcdyWgPi2FFfl3u6BJ2Zao2I6QtG+xo=","rE/AQerhX6aPaSuTg85nP9BSuGkZClE6+/VpwsZGPmE=","rrBC3j/deK0KK+qeOaAcBLNetEtSVg//Ru65QnF2Bt4=","gR/WY09hya3/1GzGLYVGBI7eUGtkeVvbH5Q30kcPDls=","zLeP/E+oPjjrMD/bCk5RtJS4YWs8XMLk35o9z1/ixsI="],"block_size":4096,"path":"pages/pdf/cmaps/UniJIS2004-UTF32-H.bcmap"},{"block_hashes":["bdR1eC8ol2SKaDxIsvoBWhW48GhWdgvdyKF6Y/QYuss="],"block_size":4096,"path":"pages/pdf/cmaps/UniJIS2004-UTF32-V.bcmap"},{"block_hashes":["ljvnvflE4kjSzu2BhdobwvSXQ80CTuvYIwauWqVijoo=","u1YIBR3fx7nw7ybt0o9ztJmpF/KBvSW6T98929XHxFo=","gQtBxg1mcBTiKcp2mrwJwxQbdVPEqRPaYPXx/XEke7k=","/2zG+2wB5x4S64FpfY/Lo1/1aU7zzoy9Xte3waggKd8=","2RoZ/XmGbbejJ4SIpUGPQlVpOlZOVlstEPxZuHTibC0=","m4iNQhcMAOLCmlHaS7eyIv/wm3QmCVry+wSsEfmy/7I=","2v6qCgRvkYOhwePRF+lCIHILqTYKFX6bpk4Cle7DUW0=","KURhfr0w+Y7KN8sqNbWClpP/CenexWZSqWtN5XDl0bI=","fPuf4yWYhmWj1enkAJzdaD9oceHCPQ/ta1+Ux5bs/54=","W9K+As0EpAHENZwlzhE4IMxdwevItD5KNnkaqOlSmf0=","TK+8vvS+nEGxSg8J4z9NHEYely3a1QwxNApwEjufxY0="],"block_size":4096,"path":"pages/pdf/cmaps/UniJIS2004-UTF8-H.bcmap"},{"block_hashes":["QKjH6i1GcRxfePyah4p9tosVQ7pc1g7PFPUZot64Kbc="],"block_size":4096,"path":"pages/pdf/cmaps/UniJIS2004-UTF8-V.bcmap"},{"block_hashes":["aCb5TXide/GWBmjBxYGcNMlYXBsjFS+8Ge6Bx98IUks="],"block_size":4096,"path":"pages/pdf/cmaps/UniJISPro-UCS2-HW-V.bcmap"},{"block_hashes":["ST3p/RoI95RgZdirWPDDyf5In1oPEJ8tBaMWm0vVeJ8="],"block_size":4096,"path":"pages/pdf/cmaps/UniJISPro-UCS2-V.bcmap"},{"block_hashes":["YYHTgs9zbF4JSS6L6fJvMfolt0YiU/I6sWZGr0MsrYE="],"block_size":4096,"path":"pages/pdf/cmaps/UniJISPro-UTF8-V.bcmap"},{"block_hashes":["W1nLO4bWZhrSEErxwIEVwj9t9C6mwRlPHwu6B3/Hcqk=","ecejiKd/sqbZTU402+0XJ4EhQohAcbS/XAnPYnX3tVo=","JqouXqcjpe1JhQIz7ridbxXZn+kaIoTPYYslRwH3WoI=","9+gB5UzIYZuXf/IE8Fy0cxwrfqvK62qEIM6RyFEKoFQ=","QvLCTFq/+Up0XJvucDb2i0jupt2Yqm2uyDjQWb1ImMs=","uqNc5ywT4ZzH/1FoqXQzEMmoPbSqUbelBBoMfdnL1pY=","CpmMINKVtm9m96l8CQAmaCoiz6h/ldeqer+NwNTHrfM=","ecM1Bt22kU7ST3Y8v3uDxMzYhLSDNmJCDmWzieiA81U=","VoX7YbG9R/KvjDQqZ9rKDyQgwNVZWOQPgfcxQ5cU1y8=","TmHVuNeoNa5pMnxlk7owZPmK+Ecb6jXwMrUXt2zsOW8="],"block_size":4096,"path":"pages/pdf/cmaps/UniJISX0213-UTF32-H.bcmap"},{"block_hashes":["3VThbKe/+zqIYkJUmyv314oncIf3xg0mNvEYwhpbBkY="],"block_size":4096,"path":"pages/pdf/cmaps/UniJISX0213-UTF32-V.bcmap"},{"block_hashes":["njhwE+j3334a0+y5UMFT6BMTrsRGODODEl2/FfgnGKE=","jFGG+PHfi3e0FtoAkAwsuOQba4FLtdeAzZTwqQ4+dng=","qhsxDajBEAhzF5GGs29x2rRsXm+6c0YhoSzbphYyUrs=","Oj8LfjOzL7aLaLChix6m1o8w+E0Z8m4/Uv9nXaS1TH8=","tR1+GtmOxwiqwoK16ltnOQx4lrj6TITybLLETAkHaXs=","uThROpqMooTc1fWvd4HLRBe4xfJes89BfHRwXM0r0t8=","u7wFhc92kYqEmmaZG9SaaSzjprp/ScVUychdVHbRJlQ=","6cpCICUP7UMeoOEOb/CQjGNLS1aQIDnaq9rXJzOl0Cg=","p2dLGbZ61RJ881L2gWJZbDN2sZPWfIaSAbEv/sorutM=","iRk/2kVtHonRjhwLCaKfEUP3fOeoNHJOrj1pHJBymx4="],"block_size":4096,"path":"pages/pdf/cmaps/UniJISX02132004-UTF32-H.bcmap"},{"block_hashes":["lMIr2Z53HF++DdjcOYUFcNTbAHUHSsoT4nKBPt18xX8="],"block_size":4096,"path":"pages/pdf/cmaps/UniJISX02132004-UTF32-V.bcmap"},{"block_hashes":["xuvzm5lf+jFTLmR6eh1iPfDWT7vrUI0DaNtGP/plxvw=","vOeNMq1osydrtohmwrJGiyLZlmCWJjRNA/yzAHruGV8=","ybhB1cTU/JmEnWPYnL54t9onlqI+IVlmSZx+RPgiVCQ=","dH11Im9VQv16G70NVqRL2f732hHq+Jd1MY/54SDgI9A=","/d9fD9AY8qkrRA3M7incixllf9zW7ltlkCMT/WIcBGw=","dNfFK6zjOKr8ZJfGJ4xDbZLW/Jm6lLG+LX1Mn5TwbOM=","9R5fC65JToHp4lnQZbK4GzuLksHoazAf0sSWS57xXGI="],"block_size":4096,"path":"pages/pdf/cmaps/UniKS-UCS2-H.bcmap"},{"block_hashes":["bKtUdDGVj73B1AHQbr1N1hpz9VCaEPl03zK8vKEaLkM="],"block_size":4096,"path":"pages/pdf/cmaps/UniKS-UCS2-V.bcmap"},{"block_hashes":["E9/dW7OX3PM9Lq3SJeEWlEP4g1stAGn3baCCtdNy71Y=","GceqLBnDyRlv+vY/gFC8VXj9kPUNxQOQ0wdaCEKOl5w=","vts1clfVHqs8bZf7E9jAm/S3Mft8+B34uhBu0VU9SEY=","FNRk26UiP1wFb+/f50bz5mbu+aac6c8d56EgqPwtogo=","GrOQsudtfOnbDEc7d/IexWbuLjhE45deI2o3qFs+Byw=","mKFqaDAavtT0Y4j1ehxlpksU1kEdZXPRKbStwpTNltk=","gFFc56FQEigtzVNSAU3QUdsN3hgXK7dr50382jjxjlY="],"block_size":4096,"path":"pages/pdf/cmaps/UniKS-UTF16-H.bcmap"},{"block_hashes":["W9tzkMgNzBNstH1B3HRgCCVglpwXMi7nOf4wIPtkJBA="],"block_size":4096,"path":"pages/pdf/cmaps/UniKS-UTF16-V.bcmap"},{"block_hashes":["7uhCbJIEjS1SGVQyI0+A9InmlrkKccIkJDEMgoqCprs=","2a0K4tv1DUmP9dUUl+CaWkdWxN8QnCaBukt5c9/I9LM=","N+0gqsrMXRFjNyNEaf9EoaroUNZ/PH4nPEM9TH28Lfs=","+fo+2XUOC+0ZPJi9UdhxnSxPkK9aAPveTjwSFzRezOk=","szTr5c4g+wYs5polpjwBwg8x4FuvMjnUtoSi9DD+ers=","fqsG0da+OZ32F01vDrVf8U56iUMx1uJZY4zjhZGq7UM=","B/JcnHuI9LZ2vS5fP1fyej6XlqXaiK60SDBbEQ9J9L0="],"block_size":4096,"path":"pages/pdf/cmaps/UniKS-UTF32-H.bcmap"},{"block_hashes":["39qJXs6u0IGvAw27uWK0linuqBf8PAK64V25PQxorNc="],"block_size":4096,"path":"pages/pdf/cmaps/UniKS-UTF32-V.bcmap"},{"block_hashes":["EPifO0G34tGkHKh9/1knNfWiNlyjEkEX78espLx/hso=","NJV/JVtUZuLZkxB98XLadBrgSPq3anNFsL8hnHNyG5g=","DKKcMXd/xU8IftLnJybsRyjbDaU4mhqXUsS+/f7/hnY=","sdw6wmpyk+i4YpH3nHR2t7eUEBiSafpgQzF1co4pGOY=","AruC1A6phfdkKGZdOuqf8uhoZoy6TmvXmmIJE9xGS/c=","mqLNYyby/5xVI6LEZn0ZzaVFR5LSJ9el1VJki/cOwqg=","bR5EuSaJrYJH6KuQjvDTCiQ6fGwGQBKJgVKVm8zi9QY="],"block_size":4096,"path":"pages/pdf/cmaps/UniKS-UTF8-H.bcmap"},{"block_hashes":["nsxs8w3TVLl3jduhY7bMcwKwh86fOdG6c0ctK3XtE8o="],"block_size":4096,"path":"pages/pdf/cmaps/UniKS-UTF8-V.bcmap"},{"block_hashes":["ua0cDAn/FLylL5ooqXZ+uFetDolG5kuhTHOHp+tphmo="],"block_size":4096,"path":"pages/pdf/cmaps/V.bcmap"},{"block_hashes":["VDkjvq0iVzKrowl2aQ7okJWhligne1hj7+zCxyjV178="],"block_size":4096,"path":"pages/pdf/cmaps/WP-Symbol.bcmap"},{"block_hashes":["mmgPEhKIjt59yua/yMr8RHur9M5TEnHI0HJ3sK7a3pY="],"block_size":4096,"path":"pages/pdf/images/annotation-check.svg"},{"block_hashes":["xYs4W0oL5t6CKjJiuBkQc9FzD2QgNovZxtgNtzEjJ/8="],"block_size":4096,"path":"pages/pdf/images/annotation-comment.svg"},{"block_hashes":["dNm7oIFNEvWuJxUYnhdHt+31/22CxMp1uuhtcXMZtus="],"block_size":4096,"path":"pages/pdf/images/annotation-help.svg"},{"block_hashes":["shU+LIjGIXkCnqmHbUYyFlKez1gbd9Uslxos3z0xZsY="],"block_size":4096,"path":"pages/pdf/images/annotation-insert.svg"},{"block_hashes":["V3K43RWLDwK7K+aJu2gPSQPYTiAsspo9wFYK9TE0xro="],"block_size":4096,"path":"pages/pdf/images/annotation-key.svg"},{"block_hashes":["pYPMoSImPZTD7r/v6DyWWhswW5yE5ao8W6EFJ5Qdt9s="],"block_size":4096,"path":"pages/pdf/images/annotation-newparagraph.svg"},{"block_hashes":["djmecNMRg00Rqy1iORGLNoR9eaeNdlWx+DnVHIETBM8="],"block_size":4096,"path":"pages/pdf/images/annotation-noicon.svg"},{"block_hashes":["EadcnyM90+XjUA7c3XMzWDlPKDlTN2FuiwQwaUvw26E="],"block_size":4096,"path":"pages/pdf/images/annotation-note.svg"},{"block_hashes":["77zSps+0WB2tdKHAmtQ88rgkVhHlsZyWYxfalI8ry3w="],"block_size":4096,"path":"pages/pdf/images/annotation-paragraph.svg"},{"block_hashes":["NJrIVCUJF9hm+vlnIfPpx0Aw/g/iOkGyhCfY9Js0TvY="],"block_size":4096,"path":"pages/pdf/images/findbarButton-next-rtl.png"},{"block_hashes":["XsCVGTQEppj4JUmkHZbF3NIt98m797g2SF3HX8CeuL8="],"block_size":4096,"path":"pages/pdf/images/findbarButton-next-rtl@2x.png"},{"block_hashes":["Frlc/IxCRp49DXZq5Y3JOtAY7A2Sg4ZgDuSrtuMR5WQ="],"block_size":4096,"path":"pages/pdf/images/findbarButton-next.png"},{"block_hashes":["Qglnha+Zq3cd8bBm15WB83r3oKjp+5BKr3HF0sE+rkg="],"block_size":4096,"path":"pages/pdf/images/findbarButton-next@2x.png"},{"block_hashes":["Frlc/IxCRp49DXZq5Y3JOtAY7A2Sg4ZgDuSrtuMR5WQ="],"block_size":4096,"path":"pages/pdf/images/findbarButton-previous-rtl.png"},{"block_hashes":["Qglnha+Zq3cd8bBm15WB83r3oKjp+5BKr3HF0sE+rkg="],"block_size":4096,"path":"pages/pdf/images/findbarButton-previous-rtl@2x.png"},{"block_hashes":["NJrIVCUJF9hm+vlnIfPpx0Aw/g/iOkGyhCfY9Js0TvY="],"block_size":4096,"path":"pages/pdf/images/findbarButton-previous.png"},{"block_hashes":["XsCVGTQEppj4JUmkHZbF3NIt98m797g2SF3HX8CeuL8="],"block_size":4096,"path":"pages/pdf/images/findbarButton-previous@2x.png"},{"block_hashes":["E+MnszTRCyskEBBA7srOhqqqLu0D0oL6daBKo76/acE="],"block_size":4096,"path":"pages/pdf/images/grab.cur"},{"block_hashes":["oPuJWI3HtxHA/921+i9oUvZw7x9hWYW7ZbLqRGzOt58="],"block_size":4096,"path":"pages/pdf/images/grabbing.cur"},{"block_hashes":["SDxKA5ZpGZOmQexAnES4t+Haqwrn4rKUTEvFlSC7dlU="],"block_size":4096,"path":"pages/pdf/images/loading-icon.gif"},{"block_hashes":["S+7QOmFqivcqmpUjI09Nu21NTPoVmTzrwcTtv06XE8s=","iuGuOtSvoO0Ogsw4LjVXficSvjrQPHti8WEu62o7f0s="],"block_size":4096,"path":"pages/pdf/images/loading-small.png"},{"block_hashes":["9kLG1yBxU5HTtX+HLxtVSXPsMnYcXPpM7ONj3ig8QEM=","x8GhuLd/NQos+x9TTdUmJ07yxW/H5diJ9Z725gQtt3A=","WQhJUjuP57n6gdkZpHNkehq51muU4sWvQtaqGao0oM4=","8x1nTYPBU5AGOGh0teVm2O/x0oBzz6ZXrWdTlyeUDvs="],"block_size":4096,"path":"pages/pdf/images/loading-small@2x.png"},{"block_hashes":["gjyffKTasHXSJMGE+XuEUZ81X4pzvBnFBKwwWKj+qjU="],"block_size":4096,"path":"pages/pdf/images/secondaryToolbarButton-documentProperties.png"},{"block_hashes":["0U7TngkPOJGRxn2rSIjbbaUWBS3ydnpVrS0SrbcBaN8="],"block_size":4096,"path":"pages/pdf/images/secondaryToolbarButton-documentProperties@2x.png"},{"block_hashes":["WYO/Q81xDJFTt9JsSOeo+RmYXooJA3xyeZAjFPs/Chs="],"block_size":4096,"path":"pages/pdf/images/secondaryToolbarButton-firstPage.png"},{"block_hashes":["Bl9390xwjUKNs3s0LCDljsvvLkeXB4KS7U8DVTlwPic="],"block_size":4096,"path":"pages/pdf/images/secondaryToolbarButton-firstPage@2x.png"},{"block_hashes":["rZUNLj03dAiUV/UrlGG6ec8GNO5aa5P9ddafzRs204U="],"block_size":4096,"path":"pages/pdf/images/secondaryToolbarButton-handTool.png"},{"block_hashes":["vI5GUjRyZe23XNxo2AiOgyf0dtpwCHk8YqY8ZvQBaBk="],"block_size":4096,"path":"pages/pdf/images/secondaryToolbarButton-handTool@2x.png"},{"block_hashes":["ieC+nVugkl2xaWzh+xqF9I+pnhCibrQ/cnsMNSxnVx8="],"block_size":4096,"path":"pages/pdf/images/secondaryToolbarButton-lastPage.png"},{"block_hashes":["qJkW3Yz8ZM3j0uxWEA6waxl6q3YZfS2JeH+D5Ll3AN8="],"block_size":4096,"path":"pages/pdf/images/secondaryToolbarButton-lastPage@2x.png"},{"block_hashes":["gWlkVehbjp3fahIF1DgTl0xsyPb6eUoasoLCx/690J8="],"block_size":4096,"path":"pages/pdf/images/secondaryToolbarButton-rotateCcw.png"},{"block_hashes":["x/QzYREFJH+o8+3x0ms1JNnfzwMSzSJao70ckzEzWCc="],"block_size":4096,"path":"pages/pdf/images/secondaryToolbarButton-rotateCcw@2x.png"},{"block_hashes":["vL5lkIQJV8Uhz+lP4Kk5I9eswijG0z4wvj4xXBwIbLU="],"block_size":4096,"path":"pages/pdf/images/secondaryToolbarButton-rotateCw.png"},{"block_hashes":["E6Q+Wu3V/qwTguYE/vP3fj9i4I0vQiEY1NWkRxWzLAU="],"block_size":4096,"path":"pages/pdf/images/secondaryToolbarButton-rotateCw@2x.png"},{"block_hashes":["qcb7BczZ/qXjquqEkzsYLOyoj8ZhQlRP0EdrOHo59yI="],"block_size":4096,"path":"pages/pdf/images/shadow.png"},{"block_hashes":["Fh+yR+3n7Lhn2GSGO44946k9quYob84at8NwD1URLJ4="],"block_size":4096,"path":"pages/pdf/images/texture.png"},{"block_hashes":["CigdkSU139CmYxgtfp215rzZymmarvtInODjE/mQ1mY="],"block_size":4096,"path":"pages/pdf/images/toolbarButton-bookmark.png"},{"block_hashes":["F2656XsAWccgx7EjnIo8rCKesQUQ7zHCRSu9fKoyrJ4="],"block_size":4096,"path":"pages/pdf/images/toolbarButton-bookmark@2x.png"},{"block_hashes":["b0T5ZRfGztdg7eVXFMXn4eJZeDl0/Lp1D1OICpMuzVA="],"block_size":4096,"path":"pages/pdf/images/toolbarButton-download.png"},{"block_hashes":["KExB/p0BwxHfz3eTViuFp7DtVD723ITTLaEcLar9vTU="],"block_size":4096,"path":"pages/pdf/images/toolbarButton-download@2x.png"},{"block_hashes":["WSgKxOwVsxds1pSPpNIxlpjUhMlx9DLrhFTdhRQW5d0="],"block_size":4096,"path":"pages/pdf/images/toolbarButton-menuArrows.png"},{"block_hashes":["/tJXzT+awFhkRYlf0Lnl02b0ZfiR4vTDUzRqihyPsPo="],"block_size":4096,"path":"pages/pdf/images/toolbarButton-menuArrows@2x.png"},{"block_hashes":["7J3WbDL+2/bV4f0WbgGsE6x1HiRB1/6auN153FyUuCU="],"block_size":4096,"path":"pages/pdf/images/toolbarButton-openFile.png"},{"block_hashes":["Et/vlJKhboIc0nz9TA5rUDwzFWRxsccO3+LiPIEVhxo="],"block_size":4096,"path":"pages/pdf/images/toolbarButton-openFile@2x.png"},{"block_hashes":["dCGuMXyutdE4gzq1b8gx8R9NlxHtc7fNTdiAf1+Kvh4="],"block_size":4096,"path":"pages/pdf/images/toolbarButton-pageDown-rtl.png"},{"block_hashes":["n4ARH4hpphspM4F4acjq3i6CgGiGWh7bX59ZRIUojrc="],"block_size":4096,"path":"pages/pdf/images/toolbarButton-pageDown-rtl@2x.png"},{"block_hashes":["Phqh31i5ujFsAfTmzhCZ4PxWlIg2Qzufs0k53lpeDpg="],"block_size":4096,"path":"pages/pdf/images/toolbarButton-pageDown.png"},{"block_hashes":["LK29Z3t/soHENh3nsBfhQYshz0kWh/FfJJ4dnhZ/TSU="],"block_size":4096,"path":"pages/pdf/images/toolbarButton-pageDown@2x.png"},{"block_hashes":["6xGQFmJeN0C78PKFNUKOkE+N6QOmziMnLRZobSSEJKY="],"block_size":4096,"path":"pages/pdf/images/toolbarButton-pageUp-rtl.png"},{"block_hashes":["9b2QJKRdh+Kx/f2idhoDbhtKze1CekUqDvk5Zjdkawk="],"block_size":4096,"path":"pages/pdf/images/toolbarButton-pageUp-rtl@2x.png"},{"block_hashes":["hyLERFfFH1CQVFMGsyYntpB6zjNOYVu166Jk5666Gxg="],"block_size":4096,"path":"pages/pdf/images/toolbarButton-pageUp.png"},{"block_hashes":["NNkvH6CmiCMAXNjlNm954dDyrEA2lrNVft2kkYC+gvo="],"block_size":4096,"path":"pages/pdf/images/toolbarButton-pageUp@2x.png"},{"block_hashes":["84a/8cfEmGVEpwADvVtrcwFT8HiOTRL/sTcrcJ0kaLk="],"block_size":4096,"path":"pages/pdf/images/toolbarButton-presentationMode.png"},{"block_hashes":["xBMOHHBqoWd3PwujKcimMOwtuY7GdcFYm9R1Uwwg7Mo="],"block_size":4096,"path":"pages/pdf/images/toolbarButton-presentationMode@2x.png"},{"block_hashes":["8JBo0BmBn8qWH28fvgKiZ6gxhuilA4Vykbdck2DGNDM="],"block_size":4096,"path":"pages/pdf/images/toolbarButton-print.png"},{"block_hashes":["veYKU6EBdDbF1tQCnXP1bDQxB0co1rWReOdSZqY4/gM="],"block_size":4096,"path":"pages/pdf/images/toolbarButton-print@2x.png"},{"block_hashes":["CgyHACZZAbk/6wgU0ttyDQ5PC2br+pj3F9HcTijjZkY="],"block_size":4096,"path":"pages/pdf/images/toolbarButton-search.png"},{"block_hashes":["U1yGLBBBt3xioZl/TGGd6nyoXL1+hjk+fklUjMBGV60="],"block_size":4096,"path":"pages/pdf/images/toolbarButton-search@2x.png"},{"block_hashes":["Ha7S0F/iuavfZmktGaJhqhBBOyAnnBGsk5SJIgxwQ+4="],"block_size":4096,"path":"pages/pdf/images/toolbarButton-secondaryToolbarToggle-rtl.png"},{"block_hashes":["+OZw3apoCtijTEGm3r9hPdWLBBXrWosvH6sHeCeGafA="],"block_size":4096,"path":"pages/pdf/images/toolbarButton-secondaryToolbarToggle-rtl@2x.png"},{"block_hashes":["xB3R9n01RyDfB/ZKyqRnFtUKwi4Q7+Fekv5gM96o/2g="],"block_size":4096,"path":"pages/pdf/images/toolbarButton-secondaryToolbarToggle.png"},{"block_hashes":["TrOa7wr3FnGrcHlnY3oQT7lzXY+hMFpz8e2n+I2LVmg="],"block_size":4096,"path":"pages/pdf/images/toolbarButton-secondaryToolbarToggle@2x.png"},{"block_hashes":["L6IZzmKBby1pOUAAdTvn+j0tF+rXUL4U280UI+XWI+4="],"block_size":4096,"path":"pages/pdf/images/toolbarButton-sidebarToggle-rtl.png"},{"block_hashes":["aLLEHvVdz8CDJN+BXACbzcY7WjfUzhPNwZC0sQ6vg5w="],"block_size":4096,"path":"pages/pdf/images/toolbarButton-sidebarToggle-rtl@2x.png"},{"block_hashes":["uXAG3aJfCzkIznYEEIJh/4qx4ZhBGPPawpZCi880saM="],"block_size":4096,"path":"pages/pdf/images/toolbarButton-sidebarToggle.png"},{"block_hashes":["TL6tZfC8JsFm7euEXwiXRtzK1Xd/Dmmi6Ymc2N3NHLQ="],"block_size":4096,"path":"pages/pdf/images/toolbarButton-sidebarToggle@2x.png"},{"block_hashes":["C85YgqW4yqvUU/zJjD0Bf1ZjyEX1CgDcx434VCSLfSA="],"block_size":4096,"path":"pages/pdf/images/toolbarButton-viewAttachments.png"},{"block_hashes":["4MZUcprOF0nlVvN5+ALos5IwzKgX0uTddgHWcOjB/6Y="],"block_size":4096,"path":"pages/pdf/images/toolbarButton-viewAttachments@2x.png"},{"block_hashes":["9haJNQJcKnPJDtiKOwJ87WtF+iu1ueG1HJSLq4rBL7Q="],"block_size":4096,"path":"pages/pdf/images/toolbarButton-viewOutline-rtl.png"},{"block_hashes":["MPZypDpjYxlbDjywzYsvfF3S3mPpyZtwBtVe8fbeLyU="],"block_size":4096,"path":"pages/pdf/images/toolbarButton-viewOutline-rtl@2x.png"},{"block_hashes":["9L+OSz3dku2qTz052kNKpVylL0h5ZM/hOSQqKc+1lr8="],"block_size":4096,"path":"pages/pdf/images/toolbarButton-viewOutline.png"},{"block_hashes":["EgtaaZmHsQgyZFlfp2fYQAdHiiaP+OohXz9WTTgbV98="],"block_size":4096,"path":"pages/pdf/images/toolbarButton-viewOutline@2x.png"},{"block_hashes":["MhcPhS5nYcu8+7hxdb/W2E7XOCPe92exp73QWMajAwo="],"block_size":4096,"path":"pages/pdf/images/toolbarButton-viewThumbnail.png"},{"block_hashes":["agIl7Tsd7ci3KFwU9yu7UgHUrLJNV176xyDPN4z93oI="],"block_size":4096,"path":"pages/pdf/images/toolbarButton-viewThumbnail@2x.png"},{"block_hashes":["HxgSmFe6A5I4cWwS1dq04j4w/3Pj5NIXz3tlvAWPsiw="],"block_size":4096,"path":"pages/pdf/images/toolbarButton-zoomIn.png"},{"block_hashes":["X5LTglosF8XMULsvqD8a6+DUAhFwm3JpAmQgj64kNw0="],"block_size":4096,"path":"pages/pdf/images/toolbarButton-zoomIn@2x.png"},{"block_hashes":["vqUw8axWX+O5W+PUWZUIuZR/pu9QEUvDMhaAI0L/UYc="],"block_size":4096,"path":"pages/pdf/images/toolbarButton-zoomOut.png"},{"block_hashes":["LCQ2rURIVfiBPFx88+Wgu+gEtfZjC9ReDbAYRPf4sAM="],"block_size":4096,"path":"pages/pdf/images/toolbarButton-zoomOut@2x.png"},{"block_hashes":["RovO+vN4p7IwJ2VnIiBInYdgQymu/pqcAbN0kNeIPxk="],"block_size":4096,"path":"pages/pdf/images/treeitem-collapsed-rtl.png"},{"block_hashes":["iQ5blHimaC/i3wjrxkwk8bzQs+yEUQqjbP9OgZMD5fk="],"block_size":4096,"path":"pages/pdf/images/treeitem-collapsed-rtl@2x.png"},{"block_hashes":["f1CFWHIZZgI7kT+RmIRdbL8h963JgbasGHbhpYOGAB4="],"block_size":4096,"path":"pages/pdf/images/treeitem-collapsed.png"},{"block_hashes":["fpXXpRJJvFHY/TRtq1cJ8usLYehZ2nsuMvp5n9Ej548="],"block_size":4096,"path":"pages/pdf/images/treeitem-collapsed@2x.png"},{"block_hashes":["bMS6CBFnWbYP3l9y47SnMXGE/ysQ6oEFoqU1oojKrwE="],"block_size":4096,"path":"pages/pdf/images/treeitem-expanded.png"},{"block_hashes":["8NK4BBIwZ0L+DMIzapdihSztZSXGYgCvGDQz8VDQ+Ow="],"block_size":4096,"path":"pages/pdf/images/treeitem-expanded@2x.png"},{"block_hashes":["X3hiMKFFavAwwHIuB13I+5ma1J74r/wTCDsZSHLbFMI=","VZmg/qSUuh6Vi7iCzXMJPucWzVnbRunJAm5I8PXJqQU=","dmTTMJjnqt9JfFNvMYOdWa7cvpN2UsdAfqVmXffQNNM=","h/33JDMLdWurWaXa+2c0Bk+TQMFxaIvGskRquknT3rA=","RVw319RLO6l3aMmp/QCwfu7og4KijteTDTxmF/nVu/4=","lItf+jCNJXo1elOoXzVzIYz6mnRBID5qMepDLOlX6sQ=","4lDHeg1VIEyteHtrJsuo5qNvEvnMuW0qBMH/YpjI+uU=","+U7oAoVh78Wi8gP8I2YWi6yb/CRJ1NOlfS39x0NDtqo=","yY2stM9Rj7FJDL6BbinN9DCKcfAEREQT5mUj9FoT7ok=","zzGsB3r9Rpe/q2klEihnunov9VmsuYpDiM4fb3jzEak=","/cUy2FUyehfxsL6wPtr6aETVIwsN0bM4H1Ddfez41rM=","aOl8c4lypwvdVcHUKQOWuKVlI6Sswg4Vteq+1Qo/Aqk=","3pd91fF0JT94lLVI6DyaItMZHtS65x9PzCFd1quGEmo=","r6ay12nYKVUbq2M3l6+FWhW3JsxlFv/AqPA27W0LHug=","NxRxuOHARM/ARnCnLxBTl/FNxmd+r2k4nrYkIW4pbb8=","2K0leZl31eG35OM6x+a8D8RuAbI3xE0KEBbRHduVcr4=","cHNlbfg2syUuVmupQ6BpYhBoyD52ZybjDCDDyg3OUe4=","bX41jNI/tUqkQWMH5BUZxSCKGA+XH59/WC6uZakx8uw=","cJ6Mot8pr6bgOypKjqEKZZJryPC0xcsJF4oSr6rwMmI=","1eojCy5IhiEPB0NN9xzoc3xVFrZFXLr33FDLMI9aEow=","h5HdPLW0/+xJEbSsIcBIP+3rLxXMHYo0uE9W/ZGLGIg=","BjIqbJpIsK12+z+OZOi5QcuT7XU62BIDgzAO7wDJ+Iw=","Rmvn2rUl6gPuSZvYdjQdeZ8/XBeCZvK+g0QeNC1bPDw=","fCWgTEl1pKJ0aK79KLAZIb81/XOTVEMb/rwN41hTbRE=","nOucY0Aj0o2FBdHpnYHLGDV5+lvu2+JLfh/vrt0xjKY=","/X+HmcPxhrRmWV7/CB8Eaa+NyEEtlji2yMeZp9Uj9Ts=","/CrvHaocrLtJXImYGJrVmICnqMocxUzE6w3WK/QJVVg=","URB4rvkGEuLL17pPWiPzSp0BHCM8KgJurRbS5TR8FUU=","hwlZasbMOhEZvw/LKSpWuEUePQRZnFUElaq4kCgV9Bg=","Z2dsWPPhuRbUNiThKskt4k+0Pi9pixGUSHE6sB92eT4=","sHzWwYDoSUwnaYMVE0NcLPZMcqD3/nLc5RHeoeJTz3U=","3znCPlBKD11ikxpUDVvcV7id2crL/qpDrE9FUJHjCZA=","WWoY6/+e3lWOEdapsJclm+saGRyE4YsYXNk99ahmk0U=","eI/CgiSFCO/EayA8XpXJ4DMN11MtyTAs+p3e1idClHs=","uZslCFoCkCH7Q7WgeQPeUIujvpn6VgJeOob1dhzTb1o=","efYEHfJmB9FmC19X+k4oXWZefOa6JoyvtVGSWFa27IY=","8TmIfd3luVkOsiJYO+14KzoAxeFX1kSG4enUNvhxdLc=","IJ+UkA/pEQNTnrCjd4E4KF+0mLj2bTcePo6pft0Fpqg=","kmhpAdFKjaLJbie5FTw6XBNlmLJ/jbbbm7M2WwGLulU=","cv4MFwy7d0x7uqv4R/7MFZ3v/SOgHoqeZMVdl9TVntc=","hmgOZyzEhtJQqyw7FcvomudBu9wwsMDzN+iWvFw9/Io=","kN9CSlPf88VAZJTyyrpUmOaIRO5RV+0ekHLpWTPNGcQ="],"block_size":4096,"path":"pages/pdf/pdf.js"},{"block_hashes":["KObhvmvHLbwEGbYi2d+nDevQwtHIU9M5XUK9jmKGhKU=","TC6Y50yfLa6+9O2bF45yolNh9m1q0nIQ9SHEhpTKLwQ=","R7sHXfRCSKUfLqjNlVX588AlHRBrx4ch7GY9kczi5A4=","qxB5ZeEK9wTC4Kou3+nD/W6SA6vmUsIbuIdxV3+E0QM=","LuJrbu4nLRRMvlq2Ru3WPdSPrw/QxMFiIJo/aL9J0OA=","B83KZn2Erjo6R5oV86zZUtlgWLoKvy84hc+xER/zqJM=","kUlnKBqDFPH9x0Zmn6G67hGVfFwPkoIEWA7sHU2mhMk=","hyTXZtxjBlWpiTZxq/SiUOt7yN154+z8nixXisseGf4=","QcclCfPaBXqDJFG1H6jDQ2vJJbOOONLpvNZbUE8jJsI=","x7tLtvn0RRWm61Px1Mfp0VSGgedZptnKwslUYoJ1LEo=","073vhUHyEw26nOrw73GIVu0vtN4UOfhxZ3KdcpNF/RQ=","b7eSHrslNtkjrc1rkQZiaFFepUuI043nqrCI5urKT08=","qrpoT1FGf/cY6S42nG2VKQ1AblGclYVmL0+oIWfm5Ps=","TergWZv0yHbFVJ+AHloO1gTu09yKA16iJ/n/MuRvy8M=","YHODKhKIyIguMMcqqN4Tve8Nkh46WZoJVUkTwvK0FB4=","Kde/IOHUy7LlilMqcAUZ9VmwvFXwGtLLmyPh1lF5Bog=","JrHT/Z3PdAAY8LRUbxOk2J8CgwHsh2pK+Vl/ffnKTbE=","uaOZVexEEZ4lZMrFFf0463qk+6qpVqChNAyZw7Towos=","7BGOvBqPoOtqw+twzA69AjM+xiiMFp6rS7N6jrnoYys=","z5UG0qz20NAUEfDH76U6JprNVouAPoYw4gL5rLlYCkE=","KHYUKeaPP9l7yKHs1bCGKgowBFR0W3CC/2iIr72jJsg=","0tzfFMU3my+oCGe6EFW2zdtzMwzByV432RTxZJUaWio=","bJUeROXxEz1DkQQfcYYUmiX9HGsyAXoPqsw5BfDQ24E=","hHe7DwFLHkDAZvks9MPTJuZb7s4dv19HgsFPzVa8jKk=","Fj83p5fLkBwyyTXM0aIoqoS+LXTjSVSI6beVrG4iLcc=","+dtxWG0lWjZuLnDsgEmG3c6cP5xqlofSuBDhyyVCADs=","WER0uR4AZ7vUS185hfcyr5paFBkWXfGEVS9zW2/WpZo=","+ApIcVLPK4ed6llio1sdCLPxEy06So/EMQOZBwzOC0U=","Y7P/S6tJVt1BabfEEtleWkVq4Pd3BNCnk21Z7bXFNGI=","uYyZAUML9yXPQGOoHSzBSic3AfbZ0WLo7cgv1tYh2zU=","mthY23wvt2PP5v6ZkP5gq/1/YFwMYCyRqiarnjD53Qo=","CNStitfOHV4hfpnZpdBjt82yJzYbqplnhP/7hsb0hGo=","GW/5aFJqBKHa0qBaekPOb2Bce8b1CPFZq98obbrialA=","qtaF5GSGx7vLFxGUKVWIy1S2fPyBV2oENJ93gTEGwu0=","cbQ+NOacjTSzkFyUN69E/iFRO7OrnsffJ4cUsLjQMSs=","lMz5/x9zJxWeLf7molcp7xBd9lvrC372AkFqZpAwFAU=","z+IOjEhkodvx+Mhc+XyeGTvpPdrYS5rwK9X0TrFg85w=","1JjIO0eKgfSbcQ5K1EwOJ3xhEZU4y9XBVcyMJyfzhvM=","quC0LHzbLHah2OjZKh3T6IruOQqQJQazKRFv7pd1nL8=","/AubQ9Dj/TYKphnrcAoYyJ+1RQFGf2fE4mwoLxmQ+/I=","KP5trZw1gmkcfNEds51NUqYYBON84E/NzFDPjOPuTPM=","7pj4ImXIn8PwkBrIUDH+oSqrpz8UWzTb6OcVLYOxqWg=","bNPg5esZE9tTX8swX8PmMOkn+0DhV70Lq8BxKpvmQR4=","xXjYuOkYOZQhi7mOSPX9uFYb15tq6UqKynrkyPWGVE4=","dOmwhA75FlQurlG9QMnyQq4bB5T24obEdkCZxdZ84qE=","sESem5MGBE434TYm1v1BuLH7dGmS1rtKOagrRGvaXFI=","dqlolixKhEv/uLvBVgSHFy1ak2XbW2kYa1qSHIitPoA=","m9JhqyAPszFMoW5jOPHqg1xWqcE98o8m0ILYIAzayWg=","x7KJVeOaxqjH8LvmB+NuHFlt62zbgPxJ0Z6dCNiH4hQ=","gFhYBN11U2SY/vbY/tecoFJXHNKRtjl3oCv1chTfVJk=","O2uLQGxc02TLxaw2bEzHvNGJ3gEYWMbQT/jZz9IKXHQ=","n6jrL+0bErki4pBKl9wpryoQrVeApwfi68IaVY9pM2c=","QzlF07tRkc5Eb3r6OMMaGLgEwvpu3RpFW5vbsUGYfTQ=","rYPLs1VI+rgv9tRMuz+ZhAzhGinlzwmgrXvLcB4DCdc=","xpDkfQIKBRzlMuT3+aND/by0XAWM+NIIai9BYZWJHBo=","0JT5ALnZL9z2Hf0F2GSCS20FAjhRI6CH/lxvHCVZSzU=","hPH8l4GvzrqMmZbsTi4YfwBprm732hXaFaBkm6C1Bo0=","lv02l4eTd/htsZMdppWT0g59XIbsoKwMA+O5j2i1G8A=","qHg2ZlusZcTlq2bI44sOmceVnPgX/XemwhtvD8PRQE4=","jKDheQXrKWyPhSk/URXRDptZreordzFDbxeur2OFJ/M=","nYflqapkitDeHApwPlnsq9KpeHtwsYWUo/40rUOvroQ=","59+2VqhkR1zJ+e2gqHQDQUDBApPBX613hzqv64hp/xQ=","ez1S7IF4k5Om3D2bHqtd/2QX/eD7Sy4kriV0vQRX8YA=","33E6C4Hw2lETtaYHf6ERVh3SE0EwvQLtpXnBRo6l8to=","q6q3do/mlzrHDVAznGITkfxzZf3EHPjdWkChBgKmCeY=","BzAXzPxfaS07rt3FrOsJ80v+EDmy8T3MvINPh78H4Yc=","X0LicNLQPixWYGxVFrGprNmwr1Qoy8A+N4uItF1FxN4=","YkwOLFs/rnQ48uOQ7ziz6+yIiDehsb48bzmQbOxSQGQ=","KSxndyYJ23TOYthdXBezODEn5XBk1tCJTlXVBdItR3o=","N5hEQmjLG9H31hYnwqpFP88Zayocp2sEQDb6bexY2zo=","GuascyWh6jXPbdiitzgvhVwmc3x1GMtnL69Ym6dEK/M=","tabgs0C6E4pAfhOL8D8k70CEC1JRInGHOhSdvVbDSDs=","s8hevhCUq2rJyZ31gsGpZySNlVy2kCPi5FYFx7b7cXk=","9Jk32cqMtGeeMwAhmjRtU3NznR7Q67QfkpuwFkf18Dk=","Cl3jqsZBP98O2esJIGnbNoNdIDnjpW2eUbsDF8fWscg=","pe9gRrzbLoboCzIcybC3gYRfjqroqWIee7BEsaBCfsA=","Wt/V69dTbttmu1bSJQbrqL1o1+rbL7YfOGs1wTCEYY0=","C4417EWionM0TmC1DCBtisc8b+Ihr6cn4P+UXyzzjAw=","PlBbmgcchrNNv9srzMg4wya0PaMX8BaOKltgwFi0mg8=","zO94ylHBcrr46NJlA7ZhvqnwJqPo2Zh0/znQoEx6UCU=","Arxi+PhT6iBXitV9e0317QId+hH04yda8sKTAfZ4mqM=","Bx44l0JmB6Jv5ckth8UIGIhFYidGxoMC8jVzPRBS+mw=","lD/nqBmR2EuamMY0yVAjW47/1pnYymzl2FJAUXPppY4=","Kxqn2va+p58sWKs9p4sv6oONXiJS+CMlrHKeHzK7mmY=","LgxNyUGCBTTE6dawYTnXPQJ4+WIDFc6+61ZLQcJHU7g=","Bvk5XZZ13qiGrqpFTFKXCFBYw/OdRcgsbiI5zUX7Nog=","G4dx+/8+uzyYrXDfieEUSAOs4y/mA76ns22xdZhksZU=","HxR66Z6svbT+T4Vo2Cavi+I6afhm5UjyHeydgPHDekw=","KE35IWs00x/e5uxQaKJNbMa4aGCYLsGaw2ruSsF1mR0=","Qpk+N2TDFkNiv5vIJ6QPoY8bLYAiB+yh3O+0+2GVTFg=","jSWsTTrtcrYFYaYhHs6Lc1+VjRlas7qwXTiwoNxJqQw=","GeSUpQhuSKtiu6/Ziv04WCVAz520lg3cpL+7Fg9Ak2s=","QrOs0E7NNM66CNhV/xUiJSdAuFGnaM34xf+g/wkrij8=","gHh96FjGq24kBjBR5iALjGuDxXu9j7h2tMU5Lfl96Dg=","EA0LjDMiePBZenl37C/8KpxuB+yhRqfAjhTkPuor3MI=","KGxkJrmgSuEEQ8TCKbMA/X5vwdcGVxoKyrcCv+hklVM=","jC5TwnYFJbU+vteAsurj+p5WSJ36PDlBVzNqV0CM9Kc=","1GY+7GE0IiUaiNrHVofULqvyREgzxwvk9cnR6CFratc=","5IW5hCAozXVRRLZnvFv7RgXk8s5WpexL8v6kKo098L4=","rnN0ZOe7fbONzfaI5M9mQBxv6WbzpyqssRABiDsFexg=","6Pu7uBAQuc++idfJcqE2eGhIykoRrWgAcaTTRsFVa5U=","Pscu7IQw3JH3EQHbX+sLt0uVipNWY/JBa6DBhHAK9ak=","9lIGXPHAcuWOUg90Pjp4Rry/cPO4m2lCGyOWpHY0ESc=","8bt0YYdmCfTOacmfr8txBTIQl5lFsDyCKtP56Cxzkwc=","pmnEFlw+f+vfgBlpoZGANx85Go75AJb6oJhby3jK2B0=","mGugHk8Z6kdRq6JcaROYE6bfLKYkYbc9o2V5rrUC/Cw=","Uospi+5bueJiBnghwLtorR7lFjHn65exzXsZHU1vJzY=","YvPsEoOJMFzg2ZfFyro+4ZG16qY/8hCUWVeK9r2rGGk=","9m11EYsORQxB8wHEz3fSBGz3JBbsgFnAMPLtshOH9lo=","0wNW9sVtiAviJXdQAw1nNe8m+DeKK8K2r2gNJeEJaXU=","l92ZARh47U7ujDCtXRO3OY15SlLqR82HPq1BAzx1O6o=","RmaEZm0BXINoBY4emmRfOWei4lsgaChAWkc8e92yYm8=","SF9eR1RZQTMsMpfnRRXhTRMdFHvsSFRIjCb57u8zlVg=","yPQgsFB70/DbozyXh1kVEZSv/EXjBDPYtROP7Xn784A=","S6379vTuNXqxEnaGnbYO1E9Tlt1/0WldNlTZaqb/KtU=","/YpLZsCoLSw9KVKSPvG380cd9xwJAtB5828WI1LKaB4=","eo7QAj4I9NXzSdpus9KKtW/7J6y59tAMN5auxZK5254=","EEXULIg2Rv5RLjyqRLRdwjNhNPdYs6Ath70R2v7WPOI=","57xgGcvKgZaP0UEInoRhZ2U9Y15nrik6ZtXvC4zkowQ=","zxJrOAS1RH3vA6x51C+L37+fEz98yarSVKmzEYLOhD0=","+LFrDq6faqzzjX5drQQ3NdDoaGZFs41Uj8TptnmC04I=","F8U50bGb/CKjUfPAguIkeGGZxjLUNkXbs400bFVpLRM=","13qGAD9TNDAsfdHjRSqrDcZ2D4TDfmyQR5Bqe5N5MPU=","eXJqcdiMnK95STh8VE2mQY6RtqmNesL5SXmJ6spzh84=","Haxeg9GaZEm+Y6O1PbHiNeKRMBOt6EgoFOZt08MizUQ=","I3am5KpzkOSZ2iz4koqXlT8eOT3IcupJNObwJIfGMd0=","U2gfhCvHvvI53QEwcAGZzB7i6pTUJuc1uhqOWXYinNc=","GCc4y7M8v+/SkKM81k1fLsOelaEkxZyYuutjvCjZm0g=","bcf6znII+oiTzCMumbdqUsJmtpLwfpxVnytvkd7Cetc=","nZDX188LqGvRwZpLdJm3nrnb5T72SOu0VuQsbIIO/3E=","njhz6zOs1YyWr0CWx11qPFMj8Pxa5xelFUHrcCsT5LI=","Do4/JjsbbICdBrTFddqUqbwdGAuVRzrqmUMnwrfM9DA=","VNX8qFAdC4IDg9Bp4SQGsOcS0UHpiGWer9h+moTPft8=","eAxEiQcLCKvD7P1ivUW/NEmW5w2p+kjVUldttbTpp8Y=","/HQ1XbgN4SyXPvhpOgFzwZTstVaVfUKIKmrNPD1z6N4=","4W4sG+2gSRPo8gaElWbMAdWaEBdNzuPOYvrm96HnEMs=","ybYvzUyvq3Yne1WEXOi5+D+nqMhTjBKksPOHgcUmfHM=","Fa3c+5G5FBkWBXipnJvSCCZuQl3d1Wp3ufapfyK5DpY=","PcivUFfOSONjsOv5lexngh1Cf6Aobefm9n50n3Nu3Hg=","pd+I8szrmIYOurfZ98itJbbgzjyFwwDH8j3TlhJ7Kz8=","IdZ27Fb8elvAeyOEgymTYlA+Ao0ab1/RYwQ2nzJoh/4=","7SpncrfKZhUQFoRIb4tCju/2kUHMFIAoHDzNATZLol4=","zvBheJznK4J2V0Kv+ESIcQePtnid/METypBgMR/qSZw=","+b2GY/lCgOWNpqVsDgQW/An05INd8AJYzyBk3TdGDPA=","trMT61W0vzuSdcW+f+txmexk1KKO/sdbIlxIFUH5vLA=","uBa465O1UgXX7/WjJse/T7NxQjQp50jrx/e7RWdg6W0=","FDO03OaUf7OjbamHS8AzxwI4Svj7X9IKaWmk8BqNMbs=","FRwSeEKdodPrXp8ctdZgwOXuG65TRV+bN08IHX8JNIc=","XPwQN3HpmbnKJEghTkANO+tDN+HL2R2kry3dCB7j34k=","tVGYgecH8n7EZCOfVJhj2nNch6oKmCkoQn8B8QpPd14=","d1vKHQ0mA0pNj/VTi3ZNaDlk5bDEk7u4uMnmJLwP050="],"block_size":4096,"path":"pages/pdf/pdf.worker.js"},{"block_hashes":["Lx3dXvW3kVxx99CtWrQfqqgpW5+wLIVX75KGUYuGHpA=","Luo6xHMKnP2lSH0yAP/Xb2mZU/m5nOmpWtHXPLptEsU=","N+iAKrqOFxx6cjoLUMDjeNZo10RmzHHETU9J8egFShg="],"block_size":4096,"path":"pages/pdf/pdf_l10n.js"},{"block_hashes":["vn0d+jzAFtqiDrTVKLKMe1Vdvra6sVgpOD9ddUJpX7M=","GshTOuv5eOvmbsWFtbWdHsm8p91v0ghvR6nywOpyNlE=","bPjCQDMQgFbYMCa9UG4ulnFemJg/ktY6JSCVnxy2KiE=","qgyYq+V48oxO7DhNHZGlbgzCB2CcUfnuqFOPlCNm9QE=","UYsXE0ATXXGdeM3iXS4obYKS0r8qvbyJRLhoLjRZHCk=","hS6MqBIOTAwZ3v7aR97YIzWaSgwmrcXfNLE5cuuecZc=","fA4x+KAYoA6nb5B7qqqxKfP+9lHz4UfO/T0h9dOUhRw=","aryX1nySMNRKsJpmkpHid4DxaD4NSc+uQKeHfQ9r7iI=","S5BEgolfzS+XJRw1Ev1Xx9hJcDGGLbKL41sp9tHnYcg=","g6pDaGhLU2G8HBulK7Ejld2iBYyXVSKkicLbmaisIsY=","FXUW/D+wF37KT0skac5IKfOuv3Ok0rLRIFOCEkAghs4=","7qe7rM1mQDn39ghze70+7XmK1W8/ADY3oEwbYYkrVgU=","UnyaBOKy3o0P6wSccCMKQynnTj9D3StmDgqN/vsmcAw="],"block_size":4096,"path":"pages/pdf/pdf_viewer.css"},{"block_hashes":["GPUGDBp5nxopXpw8Rpaq0kHU4zNJIt71oD+u9Wj2xGA=","OyX/YWR0AIPf5UvGVwq8cOBR2QA/5GbS6Q6KdY6nKzE=","q8Jl4qHMBwkbSN3fnrdKow53yKSI99ieKa8W74+jn8s=","K+l5jcYeqUh27RaeAV7MNxp/gx62dP/zxE5ZeJm+W6o=","KvbQbPHXfhttNxoHAMyvzluH7O1CQK2dQ3mUK49N0gg=","EwIrxKyGk2ZHjGxN7TPq70QpGO8Xz3bORFzB1HwrjVg=","LMvNLzq3hZksGw+/ULwr4uUsoSHsy0ULOvDCe0yDSuU=","FqxUqkaWUTVhRkqniVB1VOGa3qlEUKlv6YEv/zgZz3g=","oO31HDYbHGs+DjLygEg7JCG3pg50qIBVP4eZj4gEeBc=","Ug++a7M0LFqes7LxnOvQVkdSCiGMW06d4DWfjvO3SbM=","kIS+jvdqaocudi8TNw+goherfIunT24NiwQKQ/gTf9c=","yUNzAMfIskAcrjwYycZdZZaoQAbqjAfZbpW8SSAG4f0=","Vw589sQPXJ8zOOYkQqjHENFzX5IunwzGrme82brSFUc=","U8CTZOQ6EBGPX9RSJxshICpiz40rfqhF9JBF/sADcb0=","KWrWB9KssOMKWz7KHx/gkpFnhoduysBjyWJclKPjiHg=","TavD4Ti6aWbAAhT62ocnY+zC25BlFTmXoWmkJl+jVnE=","kpmjnfx8Ir6mT9Y8wVONyxBokB6oI+aAeeGylVXmEtg=","H9Gg6uo0y+CX7bpGFgsXe6EUiP5RTjrC2rgdyqYVy28=","G4dkchBBFG6O273JUYJFNlOLaeI+/+pkmT8oUOZX8dM=","Qwy0+V1WBdTHnSqIDPVrQtv6e7hvCVvKP5wARi+3K6M=","+suG1i14636T4YPQNI7v/D9DaSjFkncvV3yGZJuO/fg=","TLKwqFlDoWr+F5MO3bxT8EBrj7/hiXwxPhRCSO68Wjs=","EO1t+tzv5z+VzNJD8mBnOTcMC43oSmaxTMdAg0o62jo=","HwudKn30jltbzh5XRbfS6pj+QP2NKFEtpz3CZ2DjjPE=","CA6ne+yAZzttk9QUdKrOl5yCwHy4NsaMhnyXGWySah4=","+Y6OgIxdRkhQbdVqUEjvKVuAj4vp6Jd4JQtPTuLnn3U=","vCaPrCW8blBslx55hXMdchhx4YFmNXF76T4uWAJGbuI=","BIFcq0RMQ6UpwwChpNN/VOfXm+UoY9rNFpDSXvRsOxk=","OgxB/lDtIBdRNHIqPBeBZXIaepBPxyIOEGJX6eKD8wE=","bVb+kYRrIJJ7HedZip2zz7a9QQvvwmVkRVjc4X+/fSk=","D5+qPKGcRIJoHGtDgeSS/fM/4Ie1LFazOjLYq/IInBY=","A472LNQHnitSc8r1H0v4B+Oay6vg4PaWFcDpSUOOQt8=","K0zT9cyz6cr8AMkv4gVg5ktyQKGPdmEiAt9khK2oI60=","3wOgpAE0/iSA63F8HRsY+k7XGPjWwt45IZ8RM/VqGkQ=","0eRkMp4G36hGrMFBpuDYLFGDHIXy+4eRxFRU+Qy3xnc=","5guTO2z/ibxOew7y2/sRqBeV+J4CqYC/b8uHpdaVieQ=","DiBYDAenrEaxvvRsDE+fAuVTTbWy2tJd+nLMuQOk8gc=","ycGpr/zQ+Sb/iTTLv9g1263d93/n0yStFXY1z1ZLIGI=","bp62P9xfpz7p6aLIx9UPtg/5BeBLj0nBXMX3demUV7k="],"block_size":4096,"path":"pages/pdf/pdf_viewer.js"},{"block_hashes":["FI3YZpGpcdnsZR51b26FCVvibwVxaIhjtnB1bUeIF0Y=","ho6kvfdb37AYfdH9hNO79JtNYw2h7BQ7afxbxiQuEbw=","L5ETt7pSJffgmsQej+3KVftPbz7UmAMIL2ISAe8aZKk=","i5ETeEkbiWjOdXpurJQYl2D7GCh2sxHihnbKLxkd6sI=","MAEn8hyzDZri5c+dgLywLKziDNWm6OtHgejLb+Vkf+U=","haHLeFxESJMTvvZsM1GL+r/Pb10UWEtjwTk/MS6fl90="],"block_size":4096,"path":"pages/pdf_viewer.html"},{"block_hashes":["qPdVJ3qAzYxIikGI2I7dddjCkOrQqUzKTwhYpF6yzys="],"block_size":4096,"path":"pages/popup.html"},{"block_hashes":["sYaQLnOd5F9ZnOdIsFKdnOEgFH/WqjUspT4MQq/L5LQ="],"block_size":4096,"path":"pages/popup.js"},{"block_hashes":["FtkQBIVt7wScciy6YR8fBLKIvPVwxQPFtwVPfVL62uE="],"block_size":4096,"path":"pages/sandbox.html"},{"block_hashes":["YHEXE6dpF0DzfgeuCBlZhoh84V2HU6Fq3ERiJ1aSEVE="],"block_size":4096,"path":"pages/sandbox.js"},{"block_hashes":["ipsJofXh/5fXd7VJGme7V41xsfyuVXG5Bc9Q9nkam1o="],"block_size":4096,"path":"pages/shadow.css"},{"block_hashes":["YRMrsbaPOYSRg2j9J2BKoBC4FdwvJqx2Ui7+68wmhyo="],"block_size":4096,"path":"pages/start.css"},{"block_hashes":["l+qD/G5OOa6kvdoCbh1A7vn3EnNoe+cPvtifC6JXs2M="],"block_size":4096,"path":"pages/start.html"},{"block_hashes":["j7hpOpSXaYBPqpTD6bGgLORIz9UX267hS2+w53JY5PQ="],"block_size":4096,"path":"pages/start.js"},{"block_hashes":["+d2jXuRi+v37LLygFhptsmhEGe1DpQEVqVn5JRnPwgw="],"block_size":4096,"path":"pages/statusbar.js"}],"version":2}