{"file_hashes":[{"block_hashes":["yXsHFqD6vRwhEtmKcNEMCnN13C8c0/+M4Ye6IhpIZSc=","O4MiqyDOCByJGRxjtPhGcs681Qwku7WvOo/lJSndTiI=","6FUoQ8H45H9NvOdAnkqXD4eINJlXStFsegBeBOYPSAo=","BVSZjmZVMRSYodJKXyqPJtcl9JCUOdjUB1abc7MiS0c=","AkPcYwcuBgSdR2mZx1o1lZ2zFRIteGgE7GxfnrpAR4U=","iInf056ntpTH6YxRY7kzS4HeigqudMvmpaVaOKDPYyo=","qel/uuuXKrZvwCr44fYgCtKG05oOZ2h3XBF87FaMPig=","PZr8blJiBQnGzkq8KISpz03I/0choHFtqQ1febqwI5Q=","ZvQZgqu1niMyu8JsNgqvaQEu22oxNYQNqh8dgW1d1iM=","uIsZlR9OsjFaQT9G+hw+dtv/R9E2RzTUd3LM1xqEqkA=","77fYGumdPVYWhNJ4FY5DhKFswdMTNqctlSp0XoOLWL0=","8fN/S+2ey7oLPVuEuloOFVoVEYKLFICRRZ3/R60S5Ts=","Db5Y8A1jor8/785ETCnp0lxXmDnDJKIcg3QLTCIqFtg="],"block_size":4096,"path":"_locales/be/messages.json"},{"block_hashes":["6CMFlgs8yWdkr4huS+Ptzzs8Tc3wKAZZtk6DKZxTegg="],"block_size":4096,"path":"_locales/fr/about.txt"},{"block_hashes":["QeUpi9s7QtLPGVvAtF3r9EqQoyJTppuHpINPUkYWWkY="],"block_size":4096,"path":"_locales/ja/about.txt"},{"block_hashes":["boYLmI7qORd2Smt65Lsy+j1eR7CD9sZuBTPdDtwX4co="],"block_size":4096,"path":"_locales/pl/about.txt"},{"block_hashes":["7aCAe1Niso3GOpLq93GepAfmurINkBmUpEkJ5lmO8/4="],"block_size":4096,"path":"_locales/sk/about.txt"},{"block_hashes":["VyRIQRtuMRnI/7xFmQb+CLiq49GEh46TuWL4eywgAfY="],"block_size":4096,"path":"_locales/zh_CN/about.txt"},{"block_hashes":["Qj61OKbuoHofWXfN6IZMq7CeY2nt0Yo1L4lhRBy9yyA="],"block_size":4096,"path":"_locales/zh_TW/about.txt"},{"block_hashes":["WskSWhME84sQVP4mogPm1Cjtaq5H4qWkZOJLtEsCRaQ="],"block_size":4096,"path":"action.html"},{"block_hashes":["Zdy4c+6ICRycDYXnIjxrbBI7reSl23eAKp7qpVUK0SU="],"block_size":4096,"path":"action.js"},{"block_hashes":["/OAxli+6anFrZrXNcQUBH3eUiqacas2eNneKRiklJIQ="],"block_size":4096,"path":"ask.html"},{"block_hashes":["ByDKfXOmMAkwJY2Yj6YO47Q3fmaOOLlGC7gB+NPxvNU="],"block_size":4096,"path":"ask.js"},{"block_hashes":["Cd1sYPl9Tsse0hGeIFN8GCHpeoWTTbQwyAJRZkwq4c0="],"block_size":4096,"path":"asker.js"},{"block_hashes":["PdzzkNyy4GSP/XlH/pLgvIPdiGF5icWiFIYDaaix/3o="],"block_size":4096,"path":"background.html"},{"block_hashes":["VsixBASYdEM2h1beJxUqggB4YWKreDwGOzCy5JLQG80=","REtNyH/UWjAwC0pAqZOqZ80Pyz7ES+veEf9asmyh504=","PZJBaVoOR1qJJ3F99A7vhOb24BodBVx+O0yaTSu3ulc=","8zWKAbZsHcv41fZL6c6l+FGw0+aphvugsVJubSgEa4Q=","KjEZFNsplPLwkC9DhWetDa8VMH2NKEz5j+7PNk3n+/4=","G7h1wHqOyZZ6eXTcNlnEdIGhvrx3GicDTe7i1c1K354=","2Btbi0sT1h3p+8pmClC+CNv+BuNR/PX3yXvZvGOvLjM=","6cDmdQbk5bmeG8VaWgKC6VG7vdwo01JxF++xZyeKSlc=","FZbf4FYrYxVj2pFN4ukhbFkhEJdISklDU/l6a5ij6ok=","KKhvKPr0xp1yUFL/EOe6C39qXaB5JQBQBAbRx18nFkg=","hdLdLMJUqVOI5K+eJIMqzpjbelJxhWl+6kuIzy2R+Oo=","HnoYX9MAalz1Hicy9RcTL5LV0BWOhesrOVtVsHnmYwo=","ehZLLDrFdu+g2YLr38S4kQiymAQoTLuMGpAM9JQTrY0=","z9YkYUwBlKFptLeIU/+qA6NdN/VI74v/FZY8GuuoWEs=","rG0YCRW0c/3zRRHhzx/nYxXrtNju4FyfAkxpa2Tf1rA=","guF6Q1jD69yolCkSdHPGCfa0dfp6f1J9ELk4DGy3Tw4=","1iNeT+XlTdYcLP9iaFB5lx/9vnoZ8sssD8Mdc+VqXtA=","1XuNhggK/xwZo94Al8fAiVrpRfJbV5ASskDtaCDeoPY=","+g91MNWJ4/l+0L/PiT4UN8gorWfOEwiIox0nQbIJs4o=","3YdhH/3INLzjDJ6dNOqFjus/uVwEAsmaRE2goGEdZBw=","hCz5y9qGy7CMQJ5mN/mjZBOgE7wjpa0HwBSF6COPi5g=","tNIxA5+HsOQ5k7PB/dwOp/JxbIX9hUdSxHAuxDdOik4=","0B6nV4x7qX6EqReWsHu71zlnrZCi2kXipj+EAwE1O2c=","H7YKJ9bq2esjMHF3qlUqYHxut30OYQgrCedDfRMT0WQ=","6XvXGEWhkKACXDAgKG1h0cyX783TM9QzkyegCHEalDw=","HDL81ZXMoHy4/hy6tFzI2LeM921l8sbViwZVpM5ilG0=","vJtYEVMiQHntPtqiZRlssVuEFQqj/6FrRAGjYNwqJmU=","KizAGDpP8zWKaT3e/yCf0AxsYyz3CC6UicmsvZOUIeE=","qbeiKXzAaeTBaJD9d6Zrp7dfPsOIey3T6Rpa4QtSPzE=","oATgkiu81q+nQZbU4b3h9cLsmguk9Ml92/e57Cgufus=","YYBzukwxyDoz1PQyc/dGgWjJHrQJ7XPq1jtWR6UukUk=","GARlGgIxDl1VaA4RknEXyteFzwii4DeuIw1mIqw+y+s=","KnrOKSS2HtbNdsL2N5yR3q9wkWU3nR7n73lQEfSFDOs=","CPsTOHavlwLO1k+AbIv/fxF/KLXJGTHI1dRKDrBw3cg=","Uvk7TKFIrpZZK6EdXCtKwNdxyXXN20DmI1/Jynn+wSo=","Sb3Dm2cXP9g/7vjQ1QznVyejLI5O4qcoA9LY2wcaH9k=","TZYLG8laiZK7G3yzdjlW+nnqL6EeBEhsI8nZeao6x+M=","BI6RF4O1n7xqN3S0WomjkFaaNOw5rzB5svCgq9QIJPs="],"block_size":4096,"path":"background.js"},{"block_hashes":["t+cejUn6tGig9o9yr6LoygsglMlKIsfI/ZbtkRTYz0E=","Zbp5wX3OmqIxVLcQM9rDhW+c0tGs9cmbF8N90kWUjOI=","fjwyj6YxebcrVlVo82olvPQ6wwzqe1psL5DV0K/BiPA=","HkP4fe2sTtCtoC4DfaHZlD4PlQap7wv9byT0Ni/clrs=","WEkh2lFlC1LU9aakfSKKtxE9BKoUZHIGfL9FjdvQU8o=","wYJDGD8qCyph55L74rmFlHAd5kwo/0FRACfM0B3XKdE=","JTxTlMzYgSZxw5HsVp0U7SAXdre5b42e8xsUqO30Xlo="],"block_size":4096,"path":"cloud.js"},{"block_hashes":["yC0UAftmlWkMWwDS8FpvhUWiDPYm4QFLKGVPcyMtuHY="],"block_size":4096,"path":"compat.js"},{"block_hashes":["rGmUqmRpXCKExlnBLoehXawch0ScZqQ/QRcM5cZ7spo=","FDfRzXaKLvKoRS4oaL6Jfy8UK2Ha391OSMrUw2RAXZ4=","8H7uxj2rJJ5RolobB3HGiLNKxo7nkf0PcZiNoYktrcs=","vFeDhaoJWV434ckajJ8YWFCZfuzB57XFfK1035Bg3uA="],"block_size":4096,"path":"content.js"},{"block_hashes":["OFJThJhaNqClRPJt+hI0XOQbhYss05+N5m2oSYI/6ME=","vQV3kK8NlMqk6UGLo2s5d45M8E+iNqdjK9aw9dbOAJY="],"block_size":4096,"path":"convert.js"},{"block_hashes":["UU9Vi88z3HzdLpJyFe2N0IWEDr2iImU9r5Ko9tJJykE="],"block_size":4096,"path":"crcrc.js"},{"block_hashes":["lhEKNAcLjkWGSmpVGo4RMFBDiO30xF3aUnlKmzTus2A="],"block_size":4096,"path":"curtain.js"},{"block_hashes":["ln1/s8Nxj/KaMuhsSQlUrjmJwIMLb0G0vJR6tRflUp8=","ObK+I1MX3ywPGfmdrKDQi4mvGQqh8xPMOBsHtOuXqTg="],"block_size":4096,"path":"downloads.js"},{"block_hashes":["IOroiWuVbuqanAdXyzbVLgyvSsHXBmuBCD6B9ubsXek="],"block_size":4096,"path":"helper.js"},{"block_hashes":["en9N5Hbv34Kqdw772Ak4WhuTYDY5vTS4QFkRKVPyL1E="],"block_size":4096,"path":"hinter.js"},{"block_hashes":["Vwfuy8D7XVq+2xqUhuD2owJlRxP+VeS/69D2+OHflyQ=","ridYNF9WDTx855hKd+jqrG+eD1qCB5ThpHAblT4dGlU="],"block_size":4096,"path":"i18n.js"},{"block_hashes":["809bL0VTZ1NEXuP3HtfFVILMWdup7G6gwULwusuOxQ0="],"block_size":4096,"path":"icon.js"},{"block_hashes":["spu2+oWMQI8S5Muq4S1QjvapDnXAG6Xb0/wzwpwMM+Q="],"block_size":4096,"path":"images/icon16.png"},{"block_hashes":["KHprHRcllCukjIf2Ag2QQy2C3EaQnfFJCeCL16OW/lE="],"block_size":4096,"path":"images/icon19.png"},{"block_hashes":["PCCm7dFLOrcKF8w881r+tw9ksdvmwtIHmxU2CdMjMHA="],"block_size":4096,"path":"images/icon24.png"},{"block_hashes":["kJ5O2VjSqGN9/BFovDvGN2gHudTLSv4UMuMXkrZPpzI="],"block_size":4096,"path":"images/icon32.png"},{"block_hashes":["7VUurjPZA/UuSjRzH4c4jB+DDODwwgXhOmUUZW+pEcs="],"block_size":4096,"path":"images/icon38.png"},{"block_hashes":["0Toh0rJ6/q/wnAFqtNVcebsr/my6aR5IuTcgYcqbAnE="],"block_size":4096,"path":"images/icon_blocker16.png"},{"block_hashes":["bfzHpc92NqSyw+NFxfWu2Eag+IATFanOEUsSGYIgmPA="],"block_size":4096,"path":"images/icon_blocker19.png"},{"block_hashes":["tQ59gkVKo8fR3JphIb7rvPt+00TsU3fP05yayrYsBys="],"block_size":4096,"path":"images/icon_blocker24.png"},{"block_hashes":["pHlsFr70nJtWtoW8OhrOM+Hq70pft7lp4AHBnUu0g7A="],"block_size":4096,"path":"images/icon_blocker32.png"},{"block_hashes":["ebgoz7ul2LgKjvWeAQah7cGBzfp1PIJc+Wb0bQlPeL8="],"block_size":4096,"path":"images/icon_blocker38.png"},{"block_hashes":["h2ocZl8p5MWwpBW01xcpwBpHrb6sHo/QqpMyzzYoFDQ="],"block_size":4096,"path":"images/icon_forbidden16.png"},{"block_hashes":["3/pPTd/5Y/IkkCJkrFRCtUKgrT8lQ3Ewtac2lmIN3Y4="],"block_size":4096,"path":"images/icon_forbidden19.png"},{"block_hashes":["fia0Eh8xb1dn5n38qDz2KtH+HJ5T3lJKQGmdGAs5RrU="],"block_size":4096,"path":"images/icon_forbidden24.png"},{"block_hashes":["2I8o/PNio8UU1k0TS1/L+p+DxSoteewcHe3g5A+EIMw="],"block_size":4096,"path":"images/icon_forbidden32.png"},{"block_hashes":["SzcW/FmcRVX22gEVTtA21G/jDuMO6yBis7utwln7Sas="],"block_size":4096,"path":"images/icon_forbidden38.png"},{"block_hashes":["23mH3op8bEaDvrhygiKUV+IYAMAFY0KDnZkIhhnI4ts="],"block_size":4096,"path":"images/icon_paused16.png"},{"block_hashes":["xBqhmLh5/+VDFFPL5yFEpshuCpANSC7qeXkK+wpLCpM="],"block_size":4096,"path":"images/icon_paused19.png"},{"block_hashes":["Pz1NbCC0/QGTTW0+UYi45yCyYWgLNIAJpXnVljwv9s0="],"block_size":4096,"path":"images/icon_paused24.png"},{"block_hashes":["vSltpKAqyQNXuw6GBkDErB/ABdBPr/3d05wGZzS9r+8="],"block_size":4096,"path":"images/icon_paused32.png"},{"block_hashes":["136gAojQlavvo+bmC0DmurD9+42k1f+Pw+m5ZCExWO0="],"block_size":4096,"path":"images/icon_paused38.png"},{"block_hashes":["Rxz+9hoL1iNjfZExrEaYlSADHOl7WLwbTbokf0/+2fA=","PI8OxiuDz4LO9niGl3uv1ieRCgEFhi+CbDyaqlMAqmE=","N/lcJXUDE8Tcow6GnvmXvzWITL1Q4x77pT/iCeA9qjY=","Sbjjt6JHw99u6QCmFDrke4mkcjfFp9hafpO9TL/xvGQ=","Jmz/uOWgHWYm75EWvf+FcuNbT/JWWEe7aBwlMswnRv8="],"block_size":4096,"path":"images/txt.png"},{"block_hashes":["+dbmGd4Ilk5XGT9QTWb4qs59jvbrPK0wi3oK74gfA+M=","H5RR0zTO9WsHMhPDuEWYk7czq7UmGDRST+Ay1jpQFmE=","SmF8EWTYPjaaSC7SPFY7tKHThsi70PP6207T8rj6REs=","LbMUcBTI+lRZCZjx1K0fYhxCurVU83y1VnXSx+Va49Y=","FTY08GY2HZ00N8qgH/RZW7PHDHkHn+1AzHCZGI+6qMU=","nC//wIB2ykTlWDEA/oprQ5uE3CGjqUmOHlbnbBt/fRU=","N/lmoJ1Vac33ts4TXYupBZhhVYx8tr5aClABniNcEEQ=","u3+5HuDDwGBlfwj6AfG7mN2hRpJLJeuYwc14AQDn2lM=","d1ZbTI/zpiV6Xb9gMQgaInTxq75SBOKmzfYWnrug0Og=","7uTZjOOds8d7y59K36Cd/IJFHbJ5ZBLYxz3F4/H8yYE=","WFnmhaRLcz/r801ByXK6fyv48u2RMbTw5EzU24e51eU=","sEdaqQNrEm4dq6xhwy/6uu94ZJczwu0UUSNMiQuSy+U=","rXCv68jl17Q7AsNiVmWM764tNeB6tBmiZZeg1nUAQhg=","igXUFaZLpKY9vzZUgP8O/7cuEUgVFwNbsqtXfIlMWk8=","dLLtmIvYnVZNHUI9BsOxxL08bet6B+kLi9d9iArnX4Y=","UMKyO4BmrGZ0pO8fyASWeh0Jcy0cLi6AQSRkJlsUETc=","YRPLxit9fhjIvkUqrcIDEbLYFCb2VWFLXJHA+xK47fI="],"block_size":4096,"path":"layout.js"},{"block_hashes":["D6V+/BEvnB8uXWK0HRG1sYndn+S4w+LXSiLeIhapD2M=","W6cnJXx7E1LZ6xPnPC6jcoxxThD+WBVAUB6IMSFTeFY=","WD0zyumDyn8A9wGIEiZGHdxTEQC0CBSRc+3ukCrcSBE="],"block_size":4096,"path":"layout/default/action.js"},{"block_hashes":["oX6Y941ZYheieQWh6Aqma7V4bYeYIYumdbNnTS+LS8Y=","gZwLD6W3astK2qsmZ0VBoqe88lQRraqKgFenChabiDA=","i3XbVlWBvdKzf8mwxt+MOd39bxjggtagIJ2e6vCdy+k=","bPywzRWT00qsn1jxenzlND9vIYEJi/znXCQCIR96euU=","hc+ZsJqy63m3t9GxWWD+G9JxZgWOv/OZtRHcyjD75/M="],"block_size":4096,"path":"layout/default/ask.js"},{"block_hashes":["ue1gYmCNbHgSEX+TeIYgCquVfd4xdtbq9hrplbSNPH4=","h8YoGqehEFjDknSTx3S65zLcX7YH5TT+Tw2mfgHRCfc="],"block_size":4096,"path":"layout/default/dark.css"},{"block_hashes":["EznrN9GxBcpYJy9xyiApS7FJvaIlOgl4a8YoVYbRSQ0=","I/QC4h3V+1FHQ3sA1TdxPo0oc2eL30dA2/4N64WwP3Q=","eGOdV7+GewtOXuNwyR5I0nQWMoegY6RB2emD92cUQ14=","2dViDwWrtGxwTLiFuTU1gVdY4tHF0wXcCjm3PDZvj6I=","I5pklh6zU/FXlxMkmWmNg2VgHe1t8eFI8FGZSmYGTTI=","5IxnNfo5+rGqT/elj+WCG4c9CXUkr8q2VaZ5vLo4f98=","DRzMuZ7u1FKNnQgVwmKjNoiw/Y34OOV9u7NhTjcS4uc=","A0dxBgrekzbfhlQ9QUnr5wosEZB1TNVwCMxDczP4JVE=","NbgXBwhoLncYpz3BPwOmitfcfeDhXFzC+UEuRpuTNW8=","67pjlUElpo8NxXo4GJeLjSZWRbBiQPC2dgjo8AEhzh0=","EyYcgNKa4IS1edF4rbDlSpPTAVs3dEQN/AEONvr6FiA=","Z1CKUFX8CHoKrFaxUhM/oZn4uEYL5lPJOKJno63a7cQ=","NfZvuvZ4Zb3yPlOTHsSHgb1XONIWmI3YyvuEtTbm/tA="],"block_size":4096,"path":"layout/default/darker.css"},{"block_hashes":["SgjhG6VJm/az1WfV29Ny2wCyqwY/VsXsxGPtinHF8Eg=","rTHZR2ZxAwY3J6sDzh98ynK+YTJzuLY9lJaR1lYK/1Q=","KFoVGZ3WDz4MdKkUgztK5YOB0of2sU8fnAmYCTPjRTk="],"block_size":4096,"path":"layout/default/htmlutil.js"},{"block_hashes":["T0vKzxW2E9sA8VbCjzFNYXMvQ63zryeYL1dmU3l/VsI="],"block_size":4096,"path":"layout/default/layout_helper.js"},{"block_hashes":["8EuHwQFB0V6hyEUFy66rTtNuHm62UkpTP4XMiey/xl4=","Lda6PvuNsJtOTp73+0kmueQ4g7I9O/mvbbiYrqqQ/+w=","dmPxSzxv6hlmwUVxADrK8f1QJTKfcEFpapQnGwqe/oY=","q6rBhCeSBh1AtZx5HYOkVhys0lzZuwkU2XvrtgckFfw=","kUR0Vbc4Bxg/pK5vAKjj6oK7rJy17gWMXHCKNgnv5Cs=","nQY+FH68uJeiFR9VEMnZLMyRKqIqZ2XFgFkFv8L448I=","V9i7O5O4B8u1I81Mt2VgKtIFD4YAaBAgANMa7n+aLmM=","moJGYyqdB3jraPTs4sQmp0lYo3q9OLH3CGziSF7izAU=","fLH5eT9dQ4mJZYQFTJcz+61qcGOaW17nFmx+cxhzh9A=","7N2vmMuEZxGXXxD09UwkL8f2FCohrXQPMArfxtDZOeo=","QHfM15ph+AwWTcyD08+yihZtGZjcfVuwynxkJVdj+H4=","Oa2pUWcmwHdK3JptWuCAF5BBqhOcZKC/o4fXmeJwDRc=","UQPL5uMKKzBvelotqu6jV3dGy2ZJmfyX2x0ohRuAj2g=","lsgUfj0L3XDkl9uoWsa9Og4vdSnLZNbfxviHGElt3i8=","NjEP9EoBk7mB2fL6AXsaqhyQXWrpCOTA8IrIU0Oi89g=","us3npYzhWPG007CmsT/bvIoIGzXE0Iix2+TE4IUb2eQ=","SJOtLNM7E29XEFTFKw3VDBRzkXLAebT2y3VjF1JKVKA=","BQYj9pjF4QSR9Wxc8Ne2E8XsnVvy/seqATyEB44S6Ls=","jVoVkSWWV9BEL1YhQvUPfGa/7uGxYvIniJJVV4FJ+Ho=","TUfMwu2mzxCPSXfGmMStTo7mZsmkBI3MO60lvutuL6M=","3Ug03W9be52pPuBIgl3aj3qPgXTAVjlgXqrA+VgrAa0=","XtTh8dDVOou10yz2MeHc7NMeBwoDWcidfywwTmRPLEM=","3cjbSihw7OCG9XG57Gqcx3Bajqz1TknSYRDIBoB/5z8=","NYEYV4WG2tkKU58/seGXsqrfJGClA5yh2sza7neK4H0="],"block_size":4096,"path":"layout/default/options.js"},{"block_hashes":["wnKZZ99SxuoLkwMFLCF1bXXX6NOfidL/W+06vrrKHds=","N8HnL1iWzkQiSv8cmX7YiX2d3HHDbcFcs827Uhb6V5s=","pXEtOc/WeuISthXB7+9H/RwgwmaPtezPnPlBAO8+oOE=","8WWoo7EfkMg0iujV7KwK1gd+x1z47JzglH0AFkXlNk4=","xpGIsKO4A8tkzDpc+SJT2Jrf3jpxzRrvrvu9KcMeX58=","w7ZbDTTdWfhHzJFBUXuN6EjmkDykyeXjMLxSH7LsZ4M=","A58lrIEqymq1rN8ABZqY1wuJ5zlQbVlRMx6fZkYiW/4=","BHhnogesh2ysILSVlem3Wsq0Nh10S2vrfPnukIiwX3M=","9SyMFv0nDpzM3nQalWmj9j/+Oam8SpFiN1mw5c0F/ww=","MCI2HO2MRzjNOVQ1sayu4wkg5Dg1ePj2/lrEWTGEm8s=","YjoIj/tcFYzMWZ1XTk0qS37l6J105Bf1QCSk6vvAQOo=","HiIQMZ3MhuZ1sBHAThNcZxZAZ5Dx/av/L6nGW+lDwTQ=","F2gmllnzZGfG7gK0/ZEdkLhRFqXe013PKM2whxvCZDA=","cSxa7f1s+FBv+hiA7IzXe4mbBpq+/lrAthpRHMaTFPQ=","tYRd81bYc1i29TT5zcgfdcTEuzTNvb72VxsIAFbRkeE=","W2/1H+KIH64IlcZzQR9rrk71g74yLf+OeSsi1uYXJ6s=","6qpaa4e0WpzI8adaMAoPEFoVuEn7Kx45eBpZVnvsKvM=","JPZh+hYA8rVnsDSJ4hmeBUTObMd2T4xugnauUHgwVWc=","7siirJ5MWXfiNolMfMrhPqJpPw95ZhZgmEoRLjrjJ+c=","i12/AepqTgv8cQkSvNAKpuzpCiUbqPjhCviY4k78Ri4=","yQU/Jnt8p4CheV8daclRjLEHBXmvFsBpmzocnLp2o7w=","GIeO36eR7ExLif80xIpEw9f30JFkfByGiqQN33NufaY=","5aG8XoyzXGXZ2pv5XmC/PQfiWASENvio0k3rMXu0/7c=","awl9MDV+QKirTNOX/PQ9oD+0cnSXhPJ7imM4rs3zp60=","rL3agytF3B3MUCny/dTKa6hCKTNMDZOWANQrhEe10Kc=","mOOO8vMNcyoJGRoxTfy0K+K7L9cuXLwtZRyq+tR+s6I=","7H/IOu7F+ybd0/KYK1WrkGmghENjq0t9eIQoBX4+bOg=","GcJnXsZrC9kpWfTwey/hhElDzZJPji2dtDFO41Tq5/4=","x2bW0lHjE9ew4UjIy/HCgq/abyTwFLIsU+3ljnkgoQQ=","FHlm/raRanUZYaNQHtBwb0qyfDLibMfTd6MhcO3AxS0=","wk5MA9DeGnJ6qlV/8phr10Y8uYjm1NH2L4Tl1oK51K4=","gBjYxpx6zGkIYDYQyx6lHwNt9/uhOGNxfwm1hfGBBlY=","0ZE7YCEGQwcyOZZBhay2RJB0h/sM67c8XA3ADyK5rt0=","R85Jh8mhpdhZsQFYFnpYty9okZ59O7T1rBI1OUl6a6I=","up8oZNaRCq0Cz0hUl29JOWuntLy+H5eingOe+X51YWc=","lcSlpiyXIofJBGraqNNKHUEFvHNlJDwGzptX0t5djGI=","jr6LHLfzwYnXnD7RkdGE0C+r5af6W80er2MkWY8Paxs=","YcxQ8d/LFby4zPhqlreMqWvLfIWBue8pscYrHM8lhKg=","33hGHlX3rsWescjFOK8nmFbxRr7bc/BmcmPWSJvrk3U=","mbi9IaidUgmdLnluxd/IU1KdNzjNV5Qjqxkrq2m9dHY=","kVyr5f689KIt3hiNafKD9nmlJIyqJdAsozS4e517clk=","zbk6j1hbea7sVQWL5hha/fC6cgXsrf3+Fbgmd0YEQG0=","vKtRuesFi2z1L4nPGq0AajX05vJEG/Kp9VPP0zwts2s=","m4VPPNS8BJemGiYZQVhiyOZJXtkH8UiZGdvRaAbJaVE=","obCxQKeril/OeIgLokoUEflOyslg0fox6BdY1HU5zX0=","eMdg5Qf1mTU1651KgIaIB/5Ixm+0iIyEt+QW/6d5/r8=","zJNSil5U27y6udqbs68seArq0nTY5eoE5oFR/DCn2Kk=","W1P5adJkTPr6eBBaNK2PR+qWBV26jawix/ArV8Q8G48=","/MI15i2Yzh2FotdzMBfFXc1PQmQ0dl7qEt7jM1Msh+8=","hUQlQb1MyL1DBodgxonYGMjjr49fUQGRkU1puHVVZUY=","h4nqVOGNICvVRWMMzH5n6Nzn6eRgKhFRjdzhSlwo3Zc=","bkoi2zgeiZluX6d9v3yFl1jOBMltQ6QwLc6sjPzq+AU=","FjRFYurh5BSmfUHEM13ZV4sz8y8fZ5NB2Du1Jtnbmv0=","w7oze9P8bFd3vZW4GjOR/xEJN0ANjJryDjQAlJ6QgDY=","+RgAUZMCHpS3bkm5hWooP+YDfkce9QOXP/1+C/uvCTk=","z7Zq+1TUZh6P7wFEuckHbO96Nbp6jBfErJi9Hj05dOo=","wHXWXW/gxKKSslOIS4VqfqfHMeus4Xqsy0NIS9A5Fyg=","x5QfO8czev0redlWOS0SospP9/2zoCS29dCyQ/D78zY=","ZJgRBpg4SnQFY00sQGaop1yxetFiL/zgPjI0+vZonxY=","LG1Ro8WAtPC7wgQ0d/lX7kC2KJpGTw9OoRvI7r2THi0=","bkqyUC9khrN1FtD3WO/5Lc6W6+qC3Dt1h0MomGkGcr8=","Rdq298aVX6fWPLND3tgzrs41NOLOUhKndpum5y2jMu4=","NejGBBOWYG5UJETXsfwoKkcRlm/CBg3aAvkrQA/wxBg="],"block_size":4096,"path":"layout/default/style.css"},{"block_hashes":["um3atcrWUvUshV+3nqpI1X6hlo0NAU4tjMK375Saa2U=","nOP/KPJvnN8VHhHW3/3HZZtAZJAKV2g2zWh/8GpNAvo="],"block_size":4096,"path":"layout/default/tabview.js"},{"block_hashes":["Px+Kadv3EeEZCWkIntQuiRm0iMN3bcwYoKjLKEg9v8E=","Aqco8HyFFapZYJKZb05oPjOpyJDAeZgkXDKctTyapos=","uO8+FDOjFIjny4mtdvtpS/gBIKmu42SSMdItX1VEgeo=","OtVKinLsR/W95P9lI+vBx+ZqPBAkrtoRR8ZA43yJIIE=","+L8sC7PLhNnMdMT8zl3XZ/KX7ueFUu+TBYxGlfyoJ0A=","KQXpOIlXfgfFYawVdASQOePQTwSICtlihJaO6HIDk+Y=","L1t2gmt501g+KtoexrggP1yPOhc8yQ1Uc1Br70xG3Rc=","4ZEw2j9769DUx1xPwLwid13goI1X1pVxJ7l2n5BOt2c=","8jZCJnTaTw2QkvwR1/WUNaj10XkIQW4Gy9mYDGXYnqo=","fYoY7FzcBe4oKOMXAnFEv4jaQIVRw9hJaTICg7nuL2M="],"block_size":4096,"path":"layout/default/vendor/css/fontawesome-pro-core.css"},{"block_hashes":["VhH4Rp5ZbL6HQh1iAo7LMnqPFIdzHoKANSbVy8n3Ixc=","7INT6yhGG1wOszSLJ/VDwK6qP6aNt9b6NHaJMh9svXA=","AaszwvllSEnyCYQZCNAaIGlio+gjQa8WUDj+gaOQ330=","lCZBkgDs94JWB6/bZESMBe69Okw8nZ7h4uRf9yfUfJs=","DbLdVy6O7LcCPoEc6SkL/nrFuQDBvwcYmO+UyhwRmHU=","e7a+9+5xrzKD5p/I42AuQfZp6LMawtRAeIXrImwONxg=","bU4E8PNMj8x79J14BXGMF3qi01vVwMHF5Qt1KVu7bn4=","Gmnd/G8LXTpPtOd3a0vn3fKfMxO3CtFNjG+/RZRXnQ4=","IV2YzgMDG3APJYoLZ8qq2680Mm59vfXENhH+JYt3hhY=","CM/Xig9IEe4tnCVa2+KY1J2wj1H19smUqPTYcQxYyl0=","ZJDbyLP12D6CrcgHBb0FBSHp1pEagPQQlpMS3VeOcAY=","xI4Z5dKliEkyciZIbls+/yCIJ8MRRRkbd22pTpGenI0=","F8iw/ddW2TPN5Nqvn9TVcLNS4UXefqs5sHBl3Jrtrq0=","m2AzS3PiCrAwTMAn2N1FBKL/umcx3QFHmyO9+RI4hjQ=","+HCwo0sDG2Sb8hJqpAgQMDIboFreOlz9zX5uWdeG09g=","q2EzphRJHnzABGWiiA+sNyStGNdH7tgduH6bnz/jwxI=","a+REz9gdTt88uNpZpEh8iBxFU7/dVDrw3/DI9yURO2o=","3kE3QbWCRRH37CpOCs9K+n/c6La9qAVESksgOws06OI="],"block_size":4096,"path":"layout/default/vendor/css/fontawesome-pro-regular.css"},{"block_hashes":["x8SjCP+s4eCQl8xUkgmtZuaRFSGDZ9cQDVBoNU2r2jQ=","sGZOOxf5zzT70JWvT7mpx8xwpp0RdVd+WPuH4Z2D/lY=","dhU84kzj99oYxAGr6/qr2w6opK+t7Es6pJo9PSZo1Zc="],"block_size":4096,"path":"layout/default/vendor/fonts/LICENSE-Roboto-Regular.txt"},{"block_hashes":["GSpb6Bs4ASJ6Ivxqm3yg7GaBFwkPFUEdB1Cll/IRrKk="],"block_size":4096,"path":"LICENSE"},{"block_hashes":["ExFA2J4z2NenQo3UeD+N1ng0dEAyyH79DMqHH/+h+Ns=","iF3+WX5rFqgGLsc8AhNXW1ykd0VnCCFbYBXv2hf3118="],"block_size":4096,"path":"notify.js"},{"block_hashes":["02QK6PT6u5M5Os/81/sSh3Nb5epdVHdm68o4Zedl8jc=","8+lDu2wwynwxTTkm0LBcCIXlGMnYTI7N+ttGfHpsgvc="],"block_size":4096,"path":"options.html"},{"block_hashes":["1+QtjPZpD3y3cl1Cd79gHcnG9wPQ/uWlk5kKNjjLm/w="],"block_size":4096,"path":"options.js"},{"block_hashes":["AN71gBZiLXYgr+E65rIwRx0v1ngwnWpUH7OgMPkQy9w=","CpJD9sX0RB/rKXvz36OEXLnpt9+2eq5i2y1VGr9YfVI=","vIRncUMBUFpiAo/xzLik1pPwkZXu7Qs0k+aHA4wNaw4=","l0MRbFqHr/YUdVSVMsDgENVxJmLQ+0KYCU+dBGFiX4M=","IQLgJvovlSmdyU3RPAVNisoyiAydBnEWAENnkVZWYV8=","pjQbCdzbnQBh9Z8Q0A0D/tE6+Fgru5mEldT7Du5ku5c=","B+gHeEdSg+gxCcVija+x/1HbQ32ujo2xuKIZcXZVCIo=","yIjX3UNhnGF3DOv6MQH6h0kthk613em9j4nxl07Xd9Y=","vHl7+jxCBp8T6svTng5BwBbdlGPZ0t816n1oUXPfj3c=","Hu7WZeISqEtNdrzAzFVd0HTu1XJDsnsMp6NwtA55/vA="],"block_size":4096,"path":"page.js"},{"block_hashes":["P823/LD+naxpnfonCukzjrjXVfeM1uVWmZ2BQeVMG9M=","eS5VDjCZOqxEXOo1Vhq+yFWvtz1Elq5LvAUF8Ml5fzs="],"block_size":4096,"path":"parser.js"},{"block_hashes":["6jep+UnRLnR82zEB038W7VmoSgwDX92zjcmYsUDFqRM="],"block_size":4096,"path":"permission.js"},{"block_hashes":["7bYZYSIYdYz79FBdG5adCUvHrbEf83kMoNdc9o9FShY="],"block_size":4096,"path":"pingpong.js"},{"block_hashes":["MVfB5O4Kc0yjsjzjayEwU/DJ2yHoNtKsvFjASStX+QA=","8CYupqGKZutweCLnZg/xyrm34ien72FM+7v/iIYuQq8="],"block_size":4096,"path":"porter.js"},{"block_hashes":["30FnApxsyhbIKp7d6FccvGFaZei4SFLsML+ixdVr96Q="],"block_size":4096,"path":"promise.js"},{"block_hashes":["r2raOgS4O2ePCAw0Li3HA3HXX5TBAu4icr7KI0iFDU0="],"block_size":4096,"path":"rea/action.js"},{"block_hashes":["zuhwf39ipc32NP6elDSDnFriAoUxW3yKVEwpFEahKnE=","/lILsVerWyn/9+iIyjNW1gkg0I4Z/T/EC2w2LQx/AJc=","wFNAbTHwNfeyHg7AE0C7N648Z3/pY58XwgUnahhUP3M="],"block_size":4096,"path":"rea/background.js"},{"block_hashes":["P73jM4sarnWqvhO3hsYJKeoSOruudBE4i5QF6DDmRzk="],"block_size":4096,"path":"rea/common.js"},{"block_hashes":["b9Tl6blumRqKM4BxGZPtn0DJ+dO2PUpsH1lBDbzOz/M="],"block_size":4096,"path":"registry.js"},{"block_hashes":["+HjqgfAJ+frpRMavZxzb3A2GfbljeuXiGjoOLrayqzE=","gsgwkp7damsgQ+oAUZ11sF7A1jUj0kctYBoFzLHYgQg="],"block_size":4096,"path":"statistics.js"},{"block_hashes":["5cKGKm77fHNmFsRag6EaXlI/wjeO5xyaHY042fqmv3E=","inYjKh1S3nODtpgFU24sqXBgNe4pbdECGHytJbeBl9Y=","j/1E0lHTFgHKuaLmXFXmTA25SSkG/rmUdmhSWr8YyVE=","K1ZBY6Y4OTHw5ynFB9xxIUQ2mZh8tQ0TZVEh2KLBOdo="],"block_size":4096,"path":"storage.js"},{"block_hashes":["dejQtDca+x3vk5ctd3fCu3mWtNc5Cr06yd6gxfG/45g="],"block_size":4096,"path":"style.css"},{"block_hashes":["0QmPlKSQB8VT+f0ukRv+nhXSUQy1uj++EgLWZ1p/jCw=","04dT3xoMZ5jJVrQrANfaPhaST70d/QxWVFqC9VyLz7A="],"block_size":4096,"path":"syncinfo.js"},{"block_hashes":["AbpHGcgLb+kRsJGnwFEktk7uzpZOCcBY74+YBdrKVGs="],"block_size":4096,"path":"test.js"},{"block_hashes":["b63bdbpgtARDXxQKS6GdJHZ9nM5Fpp/voGmJHXxfjR0="],"block_size":4096,"path":"tools.js"},{"block_hashes":["Iy6tb0Mzv5ZiQ0BiLQkF/wefRGO0JnaXyuk5h4SSxr4=","9B66LiisMn3Puq8ZlB3knl81YpNyvDA2ZIIhS/iAq74=","NgPqEh3BJSmB3DL8AtShW5lcgP4NBW/SMg2t5b5ALsU=","KDvzZg2QwoVmxiGDsXE3qMUJMR961/EZfQyljZpv38A=","YPoybaBBs3BqQ6zk0HjQc7bJ/PeixW99U/Bl49b19ds="],"block_size":4096,"path":"uri.js"},{"block_hashes":["3pUVIR8o5jVfVaDvwJ4z3c2W7Yn09roHh3FV1wZl0Sc="],"block_size":4096,"path":"userscript.html"},{"block_hashes":["eGLOBeS6swONwXPr2JXjXt9GrsqRJ3CdTAAZmyEZnSs="],"block_size":4096,"path":"userscript.js"},{"block_hashes":["1UnJlCfgHoMg4Oo4PJnsde+YZcHg8MK06rD4jqo9ZQk="],"block_size":4096,"path":"vendor/cm/addon/bookmarks/bookmarks.css"},{"block_hashes":["wW/nWluYIOWNtUV2Z4bCi1UGnBr7m7NJZmFqgi+aaXg=","S67GSLQOHR9QSFvZIwZCcQ4hqOualT0vWwH2zsVGX4Y="],"block_size":4096,"path":"vendor/cm/addon/bookmarks/bookmarks.js"},{"block_hashes":["Duj62qOM43oEDhx2zVpaHTuSt43nrTwjYm9MKrH9s+E="],"block_size":4096,"path":"vendor/cm/addon/comment/comment.js"},{"block_hashes":["dv/1coLFIaGDnljHyPZR+5zdQKvbhIUBUewEBrGaQUI="],"block_size":4096,"path":"vendor/cm/addon/comment/continuecomment.js"},{"block_hashes":["btryizeJkULKo3a36Ys76LgOXXPUkcAihldTbO1E4ME="],"block_size":4096,"path":"vendor/cm/addon/dialog/dialog.css"},{"block_hashes":["W/Z9Kx2X4v3AiiDGnXtrGEyaRjXNU+uX86ftYzSaY/0="],"block_size":4096,"path":"vendor/cm/addon/dialog/dialog.js"},{"block_hashes":["5CIa6qG/Tj2XHyYI42LOdPxhWFsVuvyAsEI7EavpaCM="],"block_size":4096,"path":"vendor/cm/addon/edit/cleartrailingspace.js"},{"block_hashes":["sjbrhzFAZWHL4ENEYaiibUuD8NATYrzKvVNeyTJffQQ="],"block_size":4096,"path":"vendor/cm/addon/edit/matchbrackets.js"},{"block_hashes":["f1PNnnyZIsHABBu/BReZJ/dRyweKA8OFA8RQL3PD91U="],"block_size":4096,"path":"vendor/cm/addon/edit/trailingspace.css"},{"block_hashes":["tIWDa66Zf11JbN+EB2HrFxvLCPwkNKSrj4LkWpg5dQM="],"block_size":4096,"path":"vendor/cm/addon/edit/trailingspace.js"},{"block_hashes":["4p+TmbiEy7igBf5ojuBf8c0/eAHjFLe0cfmmOUKFg+I="],"block_size":4096,"path":"vendor/cm/addon/fold/brace-fold.js"},{"block_hashes":["N4Zq/kVBs1qgpPEsTZ62dwhG8eiUgZZnE5sNi36cIM4="],"block_size":4096,"path":"vendor/cm/addon/fold/comment-fold.js"},{"block_hashes":["4JuOc25hjXmUZRLl0P4iYlmOWcADrLTZnK9xzS5KEzc="],"block_size":4096,"path":"vendor/cm/addon/fold/foldcode.js"},{"block_hashes":["tZNmwzwhRCQ3hdjOh76CdSu+h7io00jkuaSsIaKDW0k="],"block_size":4096,"path":"vendor/cm/addon/fold/foldgutter.css"},{"block_hashes":["oXJIVWGGHqVohdj25bOjEF0GhOtOzi6nqUBk3pKs/fk="],"block_size":4096,"path":"vendor/cm/addon/fold/foldgutter.js"},{"block_hashes":["PrvraqtwKz0tenHQTdrBV9e+pB/wisl0Gh3RD1FS5xw="],"block_size":4096,"path":"vendor/cm/addon/hint/javascript-hint.js"},{"block_hashes":["COqVUgOMqlFZMfwfJ7QX/xkidsvnPBK+02K7bgf9JIc="],"block_size":4096,"path":"vendor/cm/addon/hint/show-hint.css"},{"block_hashes":["2VobcEJqRVzinpCYEF+anDzl6L8LkFZyZOWBAV+8mpM=","vNHK8EEAaqVndHUQGCsHGBud1FO2mpl3DnGRnlk4CcM=","XLz0Cx4LFIgCZrav2er+R24DSo803PVnY8Z5i5NqoP4="],"block_size":4096,"path":"vendor/cm/addon/hint/show-hint.js"},{"block_hashes":["ATrZ+22PD4QFLN5c+3xW6/XJ6/ud/5OgcztkmFlSGYI="],"block_size":4096,"path":"vendor/cm/addon/jstoken/jstoken.js"},{"block_hashes":["I5pkpw/COjmkr82sJPfbfo+TfuD9iYvVH+/TJlKlcSQ="],"block_size":4096,"path":"vendor/cm/addon/lint/javascript-lint.js"},{"block_hashes":["8vltvMkk4yZIOJThsVp/jG2+E+2JXuwKa8AOC3gdwHY="],"block_size":4096,"path":"vendor/cm/addon/lint/lint.css"},{"block_hashes":["9uhaUX9b/3xyKIhj6LYWNoacLgPnAGzrSIPxB6J3wNo=","SvI5CG01v6Ru9wuoNt2gxgN4FgDV7dHZTlg/r7qoKY0="],"block_size":4096,"path":"vendor/cm/addon/lint/lint.js"},{"block_hashes":["2YzxgZJGNUylOwnAEjLYLaahOI8Cwy/jW0kwugVInLs="],"block_size":4096,"path":"vendor/cm/addon/scroll/annotatescrollbar.js"},{"block_hashes":["zfpogE+m78i6FD7fWwssotYNgN8IJHKSWJiL9d4Z3vM="],"block_size":4096,"path":"vendor/cm/addon/search/matchesonscrollbar.css"},{"block_hashes":["teU41fhsfE50C/wB7Di4dW0TK86Dt0qbQp6xP9i2iiE="],"block_size":4096,"path":"vendor/cm/addon/search/matchesonscrollbar.js"},{"block_hashes":["ZSM6gRKFqL9grHc254zYaVw2kGP8d15u11Xzhw4b9hw="],"block_size":4096,"path":"vendor/cm/addon/search/search.css"},{"block_hashes":["rGUWkMdKZGm8old6KbzkUWR5nYz3DlPe4tkpmzzSC7I=","O/bObv3TMeu2E6IF7Qacfrcym8BWd9jjPovgdvRIDqY="],"block_size":4096,"path":"vendor/cm/addon/search/search.js"},{"block_hashes":["74gpLPZJWcZJj0g/98Yk1S82es6HExzfEPjaRdSoorY=","kEIxtrUSUdWtbD2Aa2LuZU9oVr4jCqUACQWmHv+VbBA="],"block_size":4096,"path":"vendor/cm/addon/search/searchcursor.js"},{"block_hashes":["L1x4peLdcc3dPZowMMJr2LDiRGPPEnyiZby/JyHrFlM="],"block_size":4096,"path":"vendor/cm/addon/selection/active-line.css"},{"block_hashes":["NA1NvUBPYFfmsLIyesZRYlXeTkhnRDyUlNfHFenPxx8="],"block_size":4096,"path":"vendor/cm/addon/selection/active-line.js"},{"block_hashes":["PYNkKjzO65DcDGi7GDTvnUvPCJzIA1yRq/MEk3fNWNc="],"block_size":4096,"path":"vendor/cm/addon/selection/mark-selection.js"},{"block_hashes":["LD9BQMV4kZOnjNr6TfXqNqmc57qcW6LIy17bqI4qpoA=","lMAGxtwNeOykB0aW/5Z2Yzxyl1erWKDvpwmDZqIU4xY="],"block_size":4096,"path":"vendor/cm/keymap/emacs.js"},{"block_hashes":["3+ZMbqXNg++JkZZ3N6D5efqsk9X/RTZG8Ngk2eyrx8o="],"block_size":4096,"path":"vendor/cm/keymap/extra.js"},{"block_hashes":["BxP/QbcEorq8a3BbtyWmekRe6/baSBdRuXoXkg3RtUc="],"block_size":4096,"path":"vendor/cm/keymap/multiselect.js"},{"block_hashes":["79oDkkalnl7baL8agz0t7SH6RE2me+Iug+cdsCR1BcU=","nKj2mqRRUF7asGHNss/FLN4V/2cpY13zGPiMVEg3Ync=","+bSLu2rKA6NtRWAlLvnIA4uWyFLwVL7j4abFlyykynI=","KjCjIFueIumlRGUxABMMj9kQS0RifzXID0Zfa18+Aa8="],"block_size":4096,"path":"vendor/cm/keymap/sublime.js"},{"block_hashes":["9Y0qYhQgrsfLZljRnuuGOmUhUllB7BLUiuCc86dU/tc=","+D5yQlmxx8b/KmIa4MNVB48CzDdbiJBZCH7cV6XiKrg=","Roy9p1qPucFHCggvOxXRLBIdbRdBidW7jTN8E4bDCgk=","/PqeKJAEqegIFFmjhU8tsqDWtkzCDTJsEz0kpArmSf4=","GUcGMCUQfW2nQ1KU/6JqTg8USY9+UYJ6Bw5QZgG2qgk=","MTDi68cVrARX1mFOuejTbgraPHW5a3o0aaE4P0MeHMQ=","q7t7Y+h5CWv0btLtWHmIjxJqaAJJvVDaSt03wLMw+dw=","2KpBeant8BpM3MACo1ySMBjq6W9mUPV31WLiZF0hjh4=","UAOYtTNeSgUWcKyCRNP2xKeZQ4LUUhdjK5N2BL1lc3s=","bin0vS3Xd2BO7PlJWUvyPekT5Gf7gKFyQmh64HGqMNs=","017TZfJGqGsvK2d/BQOsaYCRKLT3hE9IkbbOHzlDv9k=","Yf47rkg7QcQRX+Ky0f4lxgDhx2dHluIDTE/cscSJsy8=","eJeCb1d+PFyElRd9dP8TmokH6s4d7248wmQrzXY3U2w=","SbIEUtSVMhM7LgdSDxQo6zXOvH+ZTNwGYWmzI+rU2ao=","AQm+lBBYFOefByKMYNhvAAl0u5A2zvwQuyB+ncJC5Ds=","f4bn3zrsT5bXbv3IBv9BUNZFK98C3w0XJ3jQT836gMo=","7wai2vZtTVu2MpS20V9xqByMCFFVtcahtE3qXiTwr2c=","WtPbE2abTtfTl2h/Y2TfMTPdngiDENNvCyW6aoDIgXY=","pL7B8fft30hm7jSsvFrGLx4EGjJ6BFmnEd99g6xod70="],"block_size":4096,"path":"vendor/cm/keymap/vim.js"},{"block_hashes":["PFgnW5dB/hqiE+VqnZ8DaJYBcI9BXol45b0hrtx5DGE="],"block_size":4096,"path":"vendor/cm/keymap/windows.js"},{"block_hashes":["qH4vRgkCkGximFMV9dzFwm7x36qQseYkQjQwdOVNloM=","n8SyOWYBj8ctZlm/pmPtfPMYQXBZ2ch068/FpPHABlE="],"block_size":4096,"path":"vendor/cm/lib/codemirror.css"},{"block_hashes":["4z6hvfcIpf1OEgp2jHoSBAjMxhosIdK+N/KoXdUZxvY=","J562tJdISRKxz5pEcamz3B7Sdkmaj2PXVIATcAO04+8=","fE2mkLzwNWBULQtyA82/itUYHqlaIX+4dwztHFpevhQ=","h/TwyDgBGcX/iL2Req/lZ6xeJF6rKt6HArLkPHEwSs4=","62XhARigPJZiTi9JTUqudN6VpBYMxRLCp5RBjFhq+sg=","xIkMFUAXO6QHyR1sul/GFeR4iArTWKycUemaY0bqDaM=","ZqXHN0nXdbXnt+JK/cURo8XYt5VZHHFK2EzCwJyoRt0=","6SaKvuq7P3FLjav9zYgfgpvNjHHpUyCOTNp/Rt0jMKI=","c3y5GH4xbOxJE3dublGaJAfj4O5F5xysJ1VW72btqd0=","afKrXoBmedkCJrcvovHdFJQ6ui5CH2NbpLvecQ8v5Bg=","+IMQm6JaoGGqPuElOHtOLPzIGVTrfu3IWBx/Bq6++jA=","DmhUA5lctu/czxdAJv9vTMPmogW7Xmo83t9Rc4EAGu0=","lI9AROeLft1RB/X+7L2/RJol+Duf7HMviHqWF0FtSjQ=","ks5U07iU7SwFKlzBx/HnzqfwYhRJceKQjGXu9M4oCmQ=","sSIs1ZqHdYikAbKg8XmUZYLS8oWjEcqpr1pIp7ExraY=","qZgxm0fAUjQMk+8n3k/G7dhzhccB5D6pLBcx7a4wRr8=","BEwbzxnmdzTtKdR44j5qqYnsFH6LKaLWIK9kND2yIFs=","/MCDVWhlP9iYHXwAIuYacnGd/tgP8AYvJjkz3i8fw5c=","osdRpCjLG2EbywdJxdMJVqyQtU6GzD156TUlPSi4ee0=","UAt4C49un7cYMHudUQEtUWvQ7YRXFxTuzixNJP04A5o=","l2MnPxRVDmgtDZQehtc0FNBFI8gSTNBm02YOnGCjp9g=","XeyttJzaWI4uVaZx75ynFcgR51NwMVns+y2UOfir27E=","I6YnMz4cscrNKA1jgE5JnqoUYBd3dtnc1vbaHj+RlDE=","fbwYNmzkSlT3VnKltXDmqUDuy7W0q8X1BWtT3Crv69g=","5+KBIgcC59ROaeemtZP4qtmn0WdziAbiTdOJrPNfIkw=","zqluu1D34xWxD0s1DvPwhwVM7FNnlUBay+gY1pE5uGM=","PEtfGIc24TDwYXXZrZykCTTfPtsjhZWIeEEUUfHwLgA=","zkrqTUhPf/v+hOZeak5qTYWq5Gb/n0tekYNkGGUHayM=","Tsb9HFJrwZCu0WbA90CGa006b5ULtyuDf1N1+DwZHbo=","hxfku3LM9jc+1TnYXJOax9zKdhVYxrTTjllw3t6UDZg=","QcMnR7emjnLycJZJb+76Lfp79d/nwj8tZIzbh2oUkYQ=","M+IerGXvttmSvMy6GbXf+XDVlVMFJh43ORoYhJGiXpU=","V2N3i/4+UTCuc9cEB6VKzlpJokoPh/m3qUXwH8RLQF4=","vTIJaC9fgNSHj/9ee/5gxHPoCl9jFuSImb5WukubWh4=","CmaGoOhZ6uwTWgSWjeXHdgkOetT0uGfSId2B6+OBmDo=","IFY0mPKUXZ6XMlkXVSxSVEKcVTq29P+/34nzjGvWa3I=","YrXRDbQrKOyULvIw9s4cWEdjGC0/jlstknjUwF16HnY=","dE8DEQ76PAbkPhiDp9oxWtCoE7HmeIO4n5sLRvYUpQ8=","+SooOuLpoe3Uq4T3/HhNlqgaRl4Rh9Ub4oqeeVjuaDk=","KnotyD7JNnTLtsGAyIYvOOCxdMD9tz3GzXPv4rA6KCg=","F+VLkYi6/IUxU/Yf4PwzdEH29jsQ1Z+4+3gJ78XDUJk="],"block_size":4096,"path":"vendor/cm/lib/codemirror.js"},{"block_hashes":["o/L+Ksa0caqAxzfF0oPdBJvckDpzg17m1NLKwC/dU78="],"block_size":4096,"path":"vendor/cm/LICENSE"},{"block_hashes":["sEARFtJekwVmneklPl90xISMOjKlW60i/9tsCM5c/yc="],"block_size":4096,"path":"vendor/cm/mirrorframe.js"},{"block_hashes":["9kICcofffKSnklXlq/PfuCQYG7JA9+WQSWSlU1a7Jv0=","wCGzHrcJaLlOEoxMWTWSwJxcoKZLYclDu4GxE7BlJKE=","ufp/IyAkKlM4Fi5ByMDuNXOlO99Ect5HmNIh1TivPRA=","xproVc/EdCTZlsfSNQ+Ja585eRHl7hL8KT3EBFC9pEE=","9ZXZqwZOGEqSY7nRb1/IWdwIx1aIuZgdpNPfJIIGR5k=","5cvZtriQBjrzISPL+H7g1WJThUbsKl57OjZc1n3azJU=","xPudb6qxGJT7bSuCucpHjBCoIsD/yaqU8ysblGJrsbQ=","8OwhdCqJ9HcSPVv/UjayG+bjwaCJMesV3AQun0EwhcA=","8/MBUsK2uhZVU1GQ7/bJ1hPM2fWQ7wzok24G5zZqnD0=","yJPHiQwi3cIC/ygByteFLOgqASiCaPuJyw38K9/WJzU=","wZb2yXsLjy14Up4gyDqY3KVQfI30Hno3CR/C5O1/p0k=","YX9mdMiiGen0+lsh94v8oOOTNnPjPpibogTun9fGiAc="],"block_size":4096,"path":"vendor/cm/mode/css/css.js"},{"block_hashes":["x1Ck9aNmxFHLCAaNMWT2a5APqqOctnzYMsoDBszOxA0="],"block_size":4096,"path":"vendor/cm/mode/diff/diff.css"},{"block_hashes":["3hrA+J9ku2wHWITLMF/9WXBW6O8lytt0JUlXQmvQScY="],"block_size":4096,"path":"vendor/cm/mode/diff/diff.js"},{"block_hashes":["U9xelBxSE4l4ZOpTF++8Ier4GDiHtkzcfwXLt0Czgwo=","oa2/mZaICaF/khTUO3mshdDotb2A1zQ0V1GfZYGREI4="],"block_size":4096,"path":"vendor/cm/mode/html/htmlmixed.js"},{"block_hashes":["sN8qysAeyUsALqEyRmlvn/M2y+4Fw/VIrMDMyTedCDc=","W0jZ9oJdnQGtKANWe5KeWUCvz0lnb6gqcCChifkA4as=","iT9rNts9dKP2SPxipI7HRqj8RjEv3FVyu7tWHmmJo4A=","IHPHeLbtvFAd9CQxGmUZowHlTlAQVGiokfDL7ay14Rc="],"block_size":4096,"path":"vendor/cm/mode/javascript/javascript.js"},{"block_hashes":["8ryd8GnVzQAuP0SqF6qnbjYSrxog6JSoyDUB8NsUiiU="],"block_size":4096,"path":"vendor/cm/theme/eclipse.css"},{"block_hashes":["e90w7HhTBhTJk4Cb8iDOq9P1SXZmVk0c4xuJ6xJ2tBo=","xnmYYUnvsw8UYQNI4Lt79YNfMvUa+SRdZcYwetnMGVc="],"block_size":4096,"path":"vendor/cm/theme/mdn-like.css"},{"block_hashes":["dJ6It+/UoG66C8gB2H/dxfQklXhZ1V4Xv72Q30QyTVQ="],"block_size":4096,"path":"vendor/cm/theme/monokai.css"},{"block_hashes":["KOmaC1sRlWSLEiHRYidPCyZZs33GID3JPd/ukJfqsMQ="],"block_size":4096,"path":"vendor/cm/theme/railscasts.css"},{"block_hashes":["Ed4Wp8EvoJt4aGdsCvnZeBLvdWiNVom1FpuP7Gw6wFM=","3Uvz7GObUQ8i+tn4SqvRitzTD2X7Sy/8FnE/cPjej8Q="],"block_size":4096,"path":"vendor/cm/theme/solarized.css"},{"block_hashes":["Ray9c8OBhZkLplJOYHbmUFaqBLqGZiKb9XlbqumKIP0="],"block_size":4096,"path":"vendor/cm/theme/zenburn.css"},{"block_hashes":["RPeIysAO3+zfaN2hxeH88vVedusu7NzvXjHzcjnqgRY=","pzVBhjUh93jbLYcWQ71bvDFEcDQyKfYqMEVB6UE92Ig=","FEXUNV4u3gbBoE1pFCOXigp5Zxdq/3d6At9wrvXP+BU=","6QS99DTGpNH8w//9J76lGjJMsYUGXBu0Gy1tcXEuGI4=","ee0YeiWBq4xXk5dEg6Y5UJhg7Rdef8CBcCf4GavzaeU=","g2mDNACpMrM6R+51tAQg7nJLrHwGCaQdYkaIVF2VNQ8=","g3JuiOQixzwuMJXR6q6e8aqgbcAOFupLJCqJ61hjfuY=","QoQslwam5efigOBvim2bKpQAEKCwrZ6ANZ7qgjsgM8U=","xapJXprbV3LjVgBnrvPXSlMG+By7VU93zlN5Z0nrlAY=","HGQjztpufzrpl+7JN3PcER1kwwEhXjc1JfM3u6XffGI=","r7NUBJ0ekgbWxnKUnxUoUoNSGYpUFlJZecAt+IYdZlk=","9eLcTKWJtk13XfKHPYD6sofcr0jao8toYDsrSWXBrp0=","MS0xSf7ejHFarj8IqFLRuCQeXLEWSjmfXAAU63T30lU=","CSIH8fXd0VehijnA1ckzf/HzY2c+MQ9yC/o1+Ha27kU=","peIQmqCbcz5fR1tyxEyxUPXTHMtnIIZGKdnXP5YIjfQ=","CfyXlwDQJyb5sRo2FP+d/eXGUehA6HEuCemV7lFFGbw=","WnF1goQt2G7TtGj7ECD6WscOXuAXVlUEpKo3y8VDRDg=","prpOzbHl+FD8ocmiMb7Yn/flTQ32GK9ENhZmagTK91Q=","EyBSf+DVM3OIp7kulDpVTOoo9jGHlxVyUp79/AgGiTo=","rVEfLQhNBLm2DsuSFuDrHl1nwNY3Jxr+IHtL9QtFdis=","rdCy92HeavckcIKeblpmwS/wnmFQCJhCY38PPJcxGQ4=","EWHY053S1yJY6KAxVrNrpOaDgMz6quS2Ko1DtMR86pI=","9a8nNdcuX6HXJ5jY/cVdgIacio2Tecau5QVjjkTEPPk=","2XEw+J9akEpEJqsVDRiErihNr/MoEEMWak9cKC8pygU=","hgc+SiGgc5dPhS7ePBmHVGfd/OTbYq1SdyXO4EbVBu0=","EwIbW5D4c37j+yVHL1jQWwnm9QqjDu9uzfskbamNLto=","Djgxhn7zSurS8gWZPLsCNh6vj8jgrF3X11xFEtzQc8Q=","KDswzonECWiRcfruc20OrCHxU/c8U5ki4JYSY0pJuKE=","lcfMtrP1/h8VHUGUcBVwVagrMDocnd7IKQybCL3Li0g=","aBw/uGuS/iLMGZ8JbCBZj9DdZQFDV+KO1KWoLhnEFfU=","FUsj6bqZ7Xvxub2d6+tMTWVhseJWiVD2DlDRWz8nvfk=","wfd+3MrkaP7T5uXDexbhSuXdOsVzKcxUvOXdtXnwuzk=","k691aT7uMgCvmrxSl4rz7HW3uuBizjOUUP4xmpC3zAU=","0zZ5YH+tAYr+uaeKo4C97Y5+kmRz0WO/Y4Kdi5s1yNw=","Urc9KxAODQK9dUL/LwASyrm4r4xMgNUtl6GAPVs40tw=","jCbncXBM2MZ2tnVK5dFAVPVuY74nw4/bQitw+IbH4Xc=","AkxCssRplHeTc0ePHtHUSK+sezWD0s4lw0SneTeO3Rg=","zHgyqIySPOHdFbiYZGFfqTBOUxAfSDfEDfTwl07ZLqw=","wnxt5M37AQvQS3Wsb1cSwsN96tqliUEQOHJlOd8xxSM=","CddiFQJaS2VmVcSjWVjomwJVeiunhAkOcBILO3oZkj8=","AUrhd1ZZmMr+raCKGXidRDfd4bPHMrdFkz7Q8GqD54s=","ydgdKa3+FA1xBMg2hKYWeHqZpq4xX57WMPZyGWzCIq8=","lhbmSKFlmoYcaaiUoylfJerNcfKlq4v7zBBQgq3IwBY=","8uyQsY0vGh1CwLrQ4jTRET2wqdPhebanCPQHU29igG4=","as+oGJxIh8tEDOQvYXKGxdfVnMtyeK74qZk9hwE7/7g=","w0FRroVQvjB9KpALfUmbh/07pgAvZ8LFq0Ys1ai0uoU=","yiggjVzJF7Sj/4No62v67ozPeOaQ+ekyKIpA5K5f23A=","1OttL6kDxuEnKBQ+NJBNqEjJO2JJETW3p/OTBxsF2B4=","0A1MWqpd9ob9s3K9vUZ/Q2x8iny4j+JLsSBAbEKkAdM=","HseDHXp/jLX77D0U7CBW33l/cr5IFSEQs8n6BfQ2CWo=","uftNTuZ04al2OaJN3EgSLPUDzHaCt6G1JDlBKtlD3N8=","a06cGeoQjg53GRDe3NbNpPt9lqtyW1veQqqKo6zl2HU=","zeR3LzQeuEV0qaoe2G3wlyitUTDAOYXdeLN96Gfi+BM=","0Sx5RF3/TlMwqbB+WZyoyU+lCQ+wSbKUzP4ST7O22tc=","gDHvtmmgGdZQ0x1BxG+Ko3koKQ2928+WY5UA7Wwhfy8=","8A7dJi9v8gf1d4AVu/DUabUe4aLnJYTKSZwIk9hqbzk=","lM3noCKMLIM01KRGYexVSpLYU6vVO69PMNFqslr3VXM=","GkvLbgI9FZiwjuAzEXU3kevu8Dun24xnztewAip0BJM=","hVfrafmInhi5nln5RBlnAg++Vy44BdJ8TkSKnz7RFyQ=","eFny1m86JSRosyDgrDfIjAWfDonAkT9Qcd0TxZVTScg=","8DUy88a6aXqEoWXw06uPtoFjhL2uyj9ipEHJJ7tP+Ao=","WKawrPTL2lGFqUwzxuRnr/QOy5PhfGlSLt6fPVEqTIQ=","k5LiOkI9iiK/T+foq+9MQOz51p5xkqRE5ngizzSX/Dw=","xgC/Da48O7M1BoN3S6ZiFQ4hLtrOsQNo4AFNBymZuzk=","W3AJM7HzR2kwc6yjqRpW6MNW328D/Lap19ZRYMdXSJI=","yqIpXk2f4PHtdFqheMqX8HF4/K2uhFm7UKPU8nPtX0Q=","istXxVEiH7JCsUuSRaxhW+gGZL50GAGQzfZ0mOyZe4I=","6U7DbaSS7yl0LjPcBBjDp+p9tOVwnWTitDl4VWZOdys=","gSS4HmsTem04sA1HfsvYA0JVEfAmU5SdmxCUS4/nT18=","UAjDwX8JglaA/xvHWXiAampzCGEDGh2LKaTSJ1R9PT0=","Er5SvgOePy+DgbqR/CGJJLbK++Lyz6iZl53+0L/wxbk=","FqfKUwLcQ0NHQvQeboGA5E3JuuSgDD+DXh3LkzoXt+8=","KbQv2mCzEDmbW9WtXjSHSgbetqOT7Tl/JRBERRWimKs=","z12Zu3DLRRj0C/gpwVe8lyif4Y0EKk0o7h384s5+8Jw=","LFg3RKcwkliKa9rV1e9hUkM9JehCal0a/qRy2lw+Ess=","6kyWMBD+akomNYXQR2Q5SqIdzCplz5ZuGkcgn64Dyus=","vLEPuSoWVH2pkW58AFffk0cvqy9dTW6fqN234r7DqgY=","yBgbzjYMeN/nSo3UZb9Nc/eHR/SV0h2b/JVHoQWxxNM=","4WtNvWV+h8MAlg228h779kLxS3AzHdq2olftIMfkddg=","JKmcy1wdUGYGfCD5lnFqQZnzc39/qGOg00BPi/oVNko=","vhPnmZQBV57WrqwiG3EbtwOqDQsjGyi0oMPB0rpyDSw=","Ddzl8TTZU7hmzTSf8pxi+SQfpWrNH5dHFoJqkZfu/pg=","OFkp3fA9BG9VbnVn7S8wzTAixTXoE0vzyCgrP06Kav8=","yQajtxDED0DCnVHV8IJrL5BZ/eE4so5N0T6AFsb3v+k=","WgJ5o0/gWbLzG3QG5Vq/eqKt8+tEHAK8uvq9Dh1YWYA=","O/QHPrKd9mAYC0CvLSjUs4piIUyMB0+Qca+y1273GaY=","P3IQddec5dahodj6XiPWOHQCMdlF3Q5TkQrmRleQbmg=","tlJCkxhfAPF038IGO+cmRDnVqsfqTxSI9jrRjcjOIzg=","baHAjwDJ3ed1xn+8jjapyeiviyIyFzeOAidk0fgQpW0=","c6iLg2z9+gseAPjfBG90KcBAthhNT41cubvUWE6QpqY=","mj5emEbcE8ef1gJCs3hUeiSZvYLgkxaa0jrIJuhvvvQ=","rE3zKSkLXRj0EtW83TYFkBmd9Y/O32lMcupSaWKe+xk=","G6EQNTlwwZMi1QGPfr/kUkMFCw7LM22FgQh8do/NAdo=","Pw2hiyc8gQP0bZDMzCNjvawwIMmuqFZ2sdWGwtQ4AOc=","9AS+IY2q7kXeiqRSgciCUCKzsucCNW4zaRbCpd0EsIM=","16fat1RrkUlh2bRlFN3gkVzmiavRAAZLT/XR2tykdrc=","EwwRp3slY0vcvqunNAMxUz50OAiwQHTYgPLqV3GuY+I=","bqHphq0sCDc0LnL5jlyxIgRsPFIMuRypFez/ExdaLL8=","UnSSBzPPM4hfHFwubG3BpUqpgJMHWiC+T3JQ6mNfaJw=","reuJS5rzeXTmvOnGwtaTL6rh0B3/vhfqn0TqFOutuUM=","R/ezw2OvA4my9wfDhJXj9yyWAW2rAAvqyGqFaKyllN0=","e5ap9vUB7wSteqKOUuNo4rS/XAHcQrvp2LUMPVJOdnU=","xyIo/cUcDLgeFprFtobzZELDV2ZBhL6nHjn4KVyIY88=","+wb4Fmgy6xCssZHbf5J311hldhkWeBIcGH9w6pQiJV4=","EBN/btl8BkZZJngoPR6MP3yvKswDRK7NKm+dbIWbrXo=","iuDaMRVQdV/CswcXDZxgBTlhxJLoEb/6qQLMexjc5QE=","G/U6DIycBLX4BXy1N3T6G4YtlTR4hWJMusSHTGRk6f0=","U6pTfcT8Ji7TssutnGEQV1cL+RRvju0Wmtaft3cbryc=","R32jsIvVbC0ONTYrR2mRhlrNUbOP2pLKRgkyOJs196I=","1u4xaAwuzoayNcFMcLXaSj6xKsEsIw32qIRCDIP3z4U=","l5u8UPZ3QfPUCinhcLpF+dQyiyubZSC5CUosvzYMEfs=","FQBr8+fYJ2KBx3OaCSCmCSS7mI6TcreHaxkw0NC+cWw=","vzBK3Oz5yr40PudSzaPusKXJkYxE5zPG2KCXMbXelLI=","kWmnp1XZUn19CKY4DkRdkciqJLLDQ0aAmNRoZB8OmKg=","hdcnOf+6IMnfgIyXhkgeL23EI8iTEnCSWgMhWpmI/AM=","x5z3HkGXOxW4ChSLL1M2sIoSwdP0jolqrxCAoMtVaDA=","UYgpRyIqsXtJrgD6HWzX0HVXE157VeJKK8C5oRx+GNs=","qWFf8MJqyehqSE9Uwd45UhZfX75JgHmgIGtPD1ntFok=","zaVMGSD1l7yrfusgA4GtcnIVJhmVo7xfCzn4/rSqY4w=","zWJ/rOkwMbrYFyy4mmPbfdGwXRwMVpzE8x4IJa2mdTE=","O2OPrNA+m/QwJolNp5NqLYMVhMjWj1FrwhdFItST3Tc=","n0rnLW4nsqxwuwEX8EeB0tOOq0SLAJ2JmjAuimWxHQA=","y4hEEB/WCyGxQR4ousRUKHYtF+jhfvhxGblf3Iactws=","WIqn1bhymKfjjq466wiV1pqwl/zFZxc486rXvHYHq4Q=","WSpwv9egnCAk1ygyxUBVwOo6U8qyVv50GVM5HnBAnHI=","vKIUPG73QXszH0UL7IMRQA8eqYEcDsj44+qF7l2Jllo=","h+PvWQmPNJOgayFqL4pyPRvcUCqFZB7KW09I2U1V5fo=","c+vocecKs9Bqe5ic+ZZoSSZPfWFWEst7UrFAx8/OlkM=","Kb4xmx7xHs6PX4OdIydq/zDSmMbktRElcL+AUobOSKY=","7ah/tfYQoGn2eAqRpnm+57a074p4FkPvq+dV4wq9zv0=","p2mIXZqydTN3I+9ZQgEbKaEhg9Zv8k7Y9OmXXkSLk2Y=","qCMPV6PH++KacOmvdpV9zRE3K/3kcqA8iTGK6didnvg=","8mTK6WB1cVZLRszGR6SqLfaM+A1JM08mUa8G0Mtrels=","UUgq6AP+e46EyZkEVu2DDj1JWUZWQ6qbpODIdSWrbg0=","0vO0EjAx6F629gwvX1XMh8+8NaVtiIiwOpATVR9tuNk=","0k2zI1TuAbCo+HtfHohWoyg1IMNCwqlvpshvn5eRZLg=","pdtp2yMaCLwJ0bMWSYwBkedkgiqTTKjE9hAuZz9FMnc=","oBxsjE37mMGxhURRK/1SpBvIqQHNnzikA8WkHi1h5i0=","ev+tT++0GFeW5N+7FYiCoFvlDnJMEl8/zwVWpEWW2ak=","tv6h7inUIspsWFcDsI6Rmwx1pxqMAI7wQKUWa07q6HQ=","g7Bw8esjLbmXo3gmDk+//TLwgTBSV6cudiV6PMduFOU=","SLtIzF3UlKDcEdw1WItFI11LiU0PsZ5EYZMo3A75Srg=","lFU8TIDhr8iZk3vBVOlTwyPQeiju0L3WIqYkBtjZfMM=","32Ori+i/Pmvs8gJkaidfVvdtNZxz3AEb9EiP9fYzFAs=","HDEihNLFyWy8rM6zFMQhY+zSCFI6ajh8CBfNVRqGWLA=","24g1XakRc3O83VZH3PqwiiXqTREPRx+R5Q7V30UYuPs=","4de1RfQeEBr0bi6DeSjaeoIPB3ASgGtGI7sI1pZTRyI=","yOyqj5vsZlJe9HvexfX/HSoIFOvMrQ3j+HkC37cg9Qs=","a+rTMwdH17Fg/rLzPBsXoMsrwpNspbvWyuR4Qlzb1jM=","5NVXb1zWyTTe/krGKIGKb12qgON303/7IYUdhaxifbY=","pum2O7ycFQbmglGqt0/N537Ctebrl++Jm4lObU3U+CY=","xsZCcmKZEmV9jHG+8H6Jr5qMwipRasy3R54UA1RwepE=","GNcW34Lgopjs/nWMAXRHqy5rP6HFfL1gtFrfCHFLxLU=","tOs9vpvNZr35oq/ofNpHagTiN1Zh6ZvJCclDE3s5KFk=","pA4amrhr44qD69UP9utyN8bpEv8n4V8PcAV/tjIac1A=","gAYrRfKzEi64+gEsUB63ARJ96S55oy6Z53NVo2YEASY=","xbdMWhV1wIHAfEkA0SdKYuoNUgS9jXTvKxynvc6G9q4=","p/PEq3/avq/+VMq2ayGXZhKaMePjYGgNFC/iWIBwadU=","0m4o/Y0Kj4ZsCNhpOSGWicZ/qqmTKMsmbxf0jO4PN44=","oLCFLwwml6Vep5TL2ukUQjeBYn9eqEiHdi5YBK9j0v0=","4ALWl7hAvhCecVZLfONmlFMKiJdqzQ33oefm7fhllwo=","xWxO6FV42gMmt+dTo0WR+xmrVzP/mgZMeJ3jDqaZkuM=","viF72Lz2Yu7RIyYe58tB7DE0HQ1VSCpf0SvMZ26pGW8=","1h2Adni1Z+M25/TTQ/+qXw+1OO1bGBvjLO6oz02pjpA=","J6mbSDGGrwOklSy4GaiLfpAQfr17Mw8NxsmkmWFTAGo=","OaXv6gLhzdj3YfGef44qxkGfG13R3BsRBB1Vcq1Ytw8=","1iRyaD+lo/qN6vjdlsJ06EL1IX06wLG0rQV8EcDi2Pg=","2Vgs6yjUMdnef9O9zC47DLaMvl5cvwBDsa9qONCdyIU=","2NP2yAJLSzhsHBxh5Wt7UktaKzADTxHyQy6LDA5+yDQ=","iq7rwxd+JwxE7FyOUv5PcaY6OffBaiiYOQBSOhF6IBE=","WO0Bz0g18eGe0O+f86zshJs2khLdvoW9iz+6kBPFO9A=","poAxTBmBJ0ZPLvCElXczSUJa2L/cE7Jnd/hdL0DNiYc=","ECSIQsj9jNxdUYpHQD5gOYieXKUJenVaptsmEPACx/c=","pW4x9hdOP/RSuTy1eLPYA9Atc+8Qm8duAXPxLKJFPXU=","kb1lP+wHYVSUwd1K3vn2hN119UC6656xnOIh7BzvsEo=","gZLnvsSAoOr094kgfwFIipFRoCOrzc1f4AQRGl/oVrI=","O1dlbUuEZTmOY6fRspaKzEvOVIEPrsLRFNWUP/ktLck=","C1IZiWqtF6wYaBeRWDQkSov+jffjf1MaL5hdMEYIfv8=","WLCSp6K01Sd35IZnsQ3ANkzXfcRrWfj7MQMtEaLwHvw=","mV/5r4qGKf8X0Rr4k3n5u7CmVlukbp/xI6iSQ9c8hP4=","A7EoYBNKkw0etCsEG/X7ZTTmvCp25AYLmNKtNYbgM9s=","7oEA8G5Sprch7Va9GSsq2PsMIVPk8O+uxBmOsT5YmVQ=","D2b8FgsJ08oNce25sDmvAa9hrfOUdeRa3dSknsQqUBA=","M/keA3qhkgWBAhfWO7Ib2xpgIerqmAwL1WHIAPvrrxU=","yJ8bSQQNfKBpZgZ1S6aYUv5MFILlVyn3PmLxXY/pdO4=","9F+hXpZThHNrd52sVxP/acwpMoVmwVS9f8F069gB0zo=","wt8qcrkb5PwmohgyqKTMdEDQA6h9wTbG7qWg0caS+Fc=","W7Wd3le+SMR5qheTvANKjZBRimOiw6bUF+C+56aHTWg=","0A+PO1Xxo56xW85DkmGup6XfN5VVh9venQqjs04bbH4=","6DEZuTz//uc7lCLN/DLAWdmBuJkOWdT2N7VEXpxBnio=","x2f0sXe6BdEw6Wt5EnToW827jDPQ9n7WHkCMeNX/21A=","ePXat1EWR2R8H8LKxmsq53ZV0FuYTtpZHhWxoBPbdWA=","vVGwYRnEBhHJSUIECXLAYpAAClCHEyfd5glxxC8U6VE=","iUn68KB07gGq4NRNaRznAI9KJXaQdTQLP1tkF0bFZhw=","GDAmWQiRo8z2s+nsX2aQQGZxWeJbyHCIrd+TXp1R2GM=","IluqSLqmIDEfZLs0f3m7bYglI1inEDFIBW5iGfOdFTY=","WxW/DzrY3wJFNGiATFUwvKR/ropAvUEigCcpwLDoX+c=","Xo0El69RaLS5RVqvJ2c0RbnpIAEY4OA4E5hSlVbqbFU=","n/B/Y90x9yB71U3sUEFUPsXYhaeL548z7CMjBCChovc=","NX6VChHlo7WmHYzBGiTp0d25pDmZ3kD1pPbJVqmfYCM=","IlkEIXohjicJQbJESFEyuXXDGp0Lb4yD/HOinJ41viU=","ifAwwi7upRNGXXiJI10SuEvVWuX82Aae5LQ/baJyZRk=","zkyrRIEUiUbJMX+48+exsp4baxEnf76VpxqnsRf1qOg=","U4BkbLjiXxgl1XITxRTO18wMat+3TI3UAWEpWcBpm6I=","cmQpR/XzaNnKgdOU519sCFfpMpBa07W9yYMqBEfgc80=","hc2bBoj59SugNj5YtpyWO0w/hWROow6wIe/mtEr5/QI=","JSBwZ+hN4CE9JA8W1QKtLWvNJH68s/gneCHsw2YFtAQ=","IHPViRQP6XXZUbuZcAtGmrk58aMDuJNCGGXbXSeyb/U=","B3Zz8crNFbDZziWCYTQRfX73SMAy1lSW8w1idogaajI=","jZ8XfUirXpd5s9IUbU3pf3X/5BJPQJrd6s5141ykC8w=","Vnc/pgZsLmuDmjPbb4CHc/2BsADgxeofUNp3Et269AQ=","B7uH5xOlZ0nhxAZh/lpONSVFlu2WUSp/8cQGNEHksrM=","TeOYNhZXBTou7C3nF77o15D3zLm1M3lDLy2ECEcxxY4=","PhY4mq07T5aPpWbdP0qCw/R1P/ZGEnnyZIgJ1q81XJo=","8uy1St8Sxog7DBIMCG2mxKBu2XjNmZkTnChUU1OKS2Y=","buyL7CsggQ3kKyJKGFdQplL/tFa97lMOynySOHnpfH8=","kKPDuvjfjgXzDKxXTNM9HNPGJK8/2Fb1yoCY2qh4JjE=","N/eImCVeddaZ2DI5pKJaiEiB/P60mqUfo0x1APNeidc=","R5vAmev/mwbIK3L2vQrOAJh+FXqDQ4bQP2k0eDJbAJQ=","8YcC4tUW0CP8isxo2DFPb92RQU8iT/zzgWqtj6Um1JY=","hf9Noc0dHsN9bWgKhDiIHsR4B+oc7j8Jg0Zl2SUL1PM=","oOQRcrmNPthX1NhMD74JRH86d3tk9CnYO+6aKNbCoik=","X2vuCiIqQQlJtlqBVGDFWN7oLPfu0Kde7MYjCh9Aef4=","zE28sFOrexzGNb+9o7IOxqMoQRcCyFZ5TPJy1sf4FMA=","7abKi4EZjwIknA5Z7uUzgyCkp20Rg7tsDmhPorPuJkk=","qrec7rwRQ2rjOuefcRkyrZnUcIZ/Fj7fEJuJc6KonTo=","oMkPiP65R7YkMv4uLnlrtx0Vey1QsRySP3ENJo7qaBM=","utJ1x6FLrZr7SVJqgd9PlErkoo4xlg1zBzdIbOj54Xk=","2+SwV5y0OHCdHHoYaeomnjXaeuYTcG48FOrnUk2bH1s=","slLTb2D8xBpeuB/GveTv65qAx/TgKj5nPygv5dnCshY=","cmqQOLXjJKd4fP1uS5tYL32oJtmKJ7pHn6yTKkfbsBQ=","aAnjoDYDYJD0wyACmZsU0cEgGeCe8AFoatJFLhV0xlc=","Ma0Ebe4ahRv2ESNtnYx2xreIeruC7OamGLU5W7ggKUs=","6+4Sd+5VUj/bGfVTGeCg6qgZ8CvIDZtCuiepuXKqsSQ=","k0pgEnvkEvxAu8f5C42oLQteQCnLUgTEDBvpvyQXEvY=","f8bu3bd7ZrquMdAZkjoPFmgPRVLp8S+YBmM2nlaRWlY=","LIM0H+Luf7WOmYpP1YLhOLqyAHTPGQYdUt0IBrw2PGo=","F9ZWXAN28pD6X45JPJqwukNC/lwM057wln9XaLQUbZo=","9kWnVCatywWD4ZGgjCBEikuwFgSyQ+hCF+9W2F2tFWU=","24Y7ZbCuG/efovJtwtLtYoD+pXz4lRABfiy2LDGC2R0=","CO0OvUJaOEsHtE1NQQer3+JAgMDEzbmN7gggJJ81Dzo=","bSO3huERUtPFb3Ys1oeOkS4gkm4CTNJRhHdgF+hgMIU=","zH3J6dn8QHpTiu5OIH/gz1gdOCQxu8xIsSU6smj2tFY=","7IJDMfXre3uupFxIcPs4/H9KrryW/u4zn7qLIIfI4hI=","XwH3Cbwx3QXv+h4oS4FA4dBBOiBURpA10bEBFlM6lHg=","1ybeErlukfVcKWcN30od3kKkimTeE69tz2SRsQoztSE=","XERFcnGZOhJffcP6UiUM9wwpqyfX1fnoDIOuIbtKGCg=","7EnE0fHUBXFMJ6R+FB9aujCBy+v9GcX6UTYMV4cBmjo=","/4IdJuW5EbKo0v0CXMCEF8DBmP1/YzDWRTt/GgmDnDE=","RZLP8Jb9Piafucu4zuLOJwG2XP5Ln9NuZ8zkCrvXlwA=","6sdU9mNncVj51h+qug9R3kV6lRPvHDRvaetBFak1tg4=","jooI8EOLJv2ApjdKj1hddDotc/RPXFIhTOMhEENROiw=","kOFlgmWC/LqsikdXc7xtq+lhRAmbK/SZZbVSwkQdWw0=","QriafQ99K+3G+Kw53hR8D3PFAUtldye22FYsd+aUHMo=","/FKjwTn/SjdVuDsJut46koqcsJ58BPHWk/tPKecKrfA=","Z64D/jdGBKGNVMpDa2FKQY411o+5f8URjfPairHLi54=","VvsUxWW0DS9344PIVYkrfsAdigKZNO/dTd3t3dywnyU=","vX19tM0TZDjUCfyItohLyQ6PydiYwP4/ws3Jq3xzFIU=","9fDfvyYwAnfxdWPEsCTTj85bUCnEESr/3vCTYY1FlD0=","Jc8UB7mN3QvLCJNhUPH9rRzKibM7IvsPDERzkhT42Q8=","Ju0M1Bz+lLbc8hbq744RD9NvAl7wW3+M6AMdN8OG67I=","sfQV8ApBYPyPWcnX9zvLtmbYPdXGxRV0n9JhYSOpHjQ=","6LVt9CqTcjJ2Jae/+XPA0ET5SmJq16gcl+qKxXxAGJU=","Zj0V+SNEFFLfLanAgDAUs4rwbHgeQs3HtX10Q4IQrKw=","Ecsp+llWXy6iyX8XGHC3MA/volRou2GCptTD9IV5cxY=","SIvmmA+2/XOWPUikI9Hyd/Axs6Q/4od6hF36LmK6GoI=","wpGjuAvhiWnLNG1AtPutmqKn3mqxU863utJIWIQ/Png=","WwzW+gPs6HT+MWvU77sn+J3KYjoac1T9elyxeRFOenk=","dT8LFw4/5OGfXghv3h8S8i+czOpijNq9XKIpAxOQ+NI=","mn3ucF0f7cluU9qKF5cq5oTzrpxqPfTLeWBWDRcqzmY=","pFhiUagQcSBW9Srz/yxSmI+Y3YMenBD5elXD1BoISs8=","WhIocfhy8sq3hbYEV08ewsROoTRymsNluRXRXRynl00=","l7gi6PxEfd/B8iO8LJDdOkimphVlwAEUPNmX4CbHOb0=","yk3hXeTzUF71cXIo4ZiEmnlRUuvE2Gv5t696GkM05Qk=","JKFrwaQsJeGHrRM1C0ALZ3MN+HXAfk5VnSmWciZp0gc=","PSGZ910fBmtR3wogdai2ZJtkKZQQiJdxhwf37D+dYPw=","N7nNyIH2ahAhKj2OE41sD97hPDS9hyeowUfPZOEJr0M=","ySslvLWY5H0UqJQ9uXzZ3zkZHSBMB1BYKbbtQo/QZpM=","A41v7kWmCiva67PDRPxArqKuepK/1B8tZo0j3P4wAi4=","AUQH05YQjBbkibN/cNNlaF+O7klkBcrflue+wtMn7MI=","ExAa779cq5YhBk/cmOLQo/rKwYbsH6jHfCVFW6eCYW4=","bA7CD+QJq5Db6IrzzR45Ir8aLcOCiCb/KRRNUGuR7aE=","oSuKe1C33Tc2Q6gOWAQPNH3FBERk5+BGWR3aQA8vrEY=","Bo5geLNl567m6e/w7Jb58GsFsN11lQqxPVUGLd/OEdU=","Me6/WlAPt+4Izk6eIIdFhhQkXOnQgp3tQAN+WL5G1rk=","fGGBCHenc4LtIa7l5hC5Eiv3NPox5txD+mM33erNi5c=","YzNtWyYlIiWGYfvvFg7ceKNwzLc9+5c1EAbTM6nFwPM=","1BjT/3AkRrpwO3wsS62rS/KhpliUW6WAg8BTQxt8FpY=","aGoBnXtH5+sPQpJQ5Cp1OemwFIsAbbx8ReU6sltFpYA=","Hgt/ydvmi5ncyxOF8fbldG2sDU+sfKHkQ3IaAp+QHPw=","05YdAlGGYDyJ4MscayGGd5Avl3gKz7vWtId8vJ3AxDc=","HRcIltJPCMG6t6auWefUtQDyz9AuQfb9cJfd0OnTjik=","XAbJmIw3J5fgNFSIc+pjyuqNXlhtsMZHeHWGYjTfkek=","7t0w1iUPD2X8DXhijQUSQINAQOsDXX1bJzRa3oqC3uM=","Kc5H9fG8f2RaenCi7d0EnoDGxyisuf9gcQcGUXfNDjg=","aUoV4twhGic1xEm37hNCgpqalUWSceazKCw4jPJjbHE=","4YB61TtTXM+7uZci8AGUYrcRTeZOcMkldPVJ/Xl/4wI=","NL0JuBgrXHlhpL7ttRR64DT3OcpqTKXGGE6g1usuH5A=","JCZdj/AmDxKstIW6I9nkPddLDJlHb26NTnvRHn0opg4=","WjM+OmdWW9RtP3PFRW7B2XHf4jmF651n822DmBVi3Ns=","ti6PbM/OSLpfDn2VIGhjrSCjfRTIV7pEGUV5LJRkj54=","YIh71X2QiA3olNQa4WuM2zuFNYp8FkIu4WxT+++aPS8=","6RtxnpTTEV0wPakQJRou6uATcy+L9EHxSWtwYWAkqUc=","pc1CdwbDJSmwhyYqwtxI5Qu34CC1pswGpFogMXKdNvI=","cqrz+k0kPJRV905Tcbf1a91ceDKs5EUB+D2XHmy34cw=","ZEPmatTqmwy8dXOh4BIznWXBD6glr7VYdGxeL/bOCEg=","eUwAJgGhWiPpAEQ5KOsCIF8okCuW7F78Ij8o2aWrC+s=","kWt+RqZOQn62gDhL6EkSyGllkEHlMdHvBQkIWnMZynY=","1+i49GVoqb3yHFNvE3ZZzY3DJKDYeS/htxsrMNEddCg=","xVhkejimhArNV7EY7DaC1hd/Q8oYl4/N01ZZoXRLOUM=","Xl99SER3Rr5gFK2k8OCTjoHeuMroQn2HdHfnJoLGBAw=","bToG91L/zbw+Sh35RJPo4Li4iI8EIbkorQMLTtikuwc=","o7SQCqgndvhxtsdxuGU87f5Psxhe6MZpZNzz090ctSc=","1q+XlCK8/gjDu8lD2K/oGTZVInZqgWx/aSQrab3Ih6s=","bEytzf8HTiDaaTwdzkhtY1pje41XImjVASTi8fd5VIk=","DxqTFG0UTaRX8Ts9gCfCqzjko33A/g9vxD0DnyaP4Zk=","+112EK4HEMwIcXprlUnX605EYhTcoxEW5wPjZjalfp4=","2a6rRURaHOTXIM8LlsGXXiM2PacLeKcVNJRQkwJNPPU=","QX5l9sjNg7zd/oQmesTFdLmxts3C1NQtssUGNAVJhhM=","YI6380J+LIoHMnz+gRQFcUBBlYGTxDxLYoFSHNolBG4=","ynl0Y79Cdemd0Z6Yk6uwzFpDBhSe9B1bY62UxOUUcyQ=","xyUU0MLSZ3Qvr/bWswpPLbiLTreV9KgrIqgnd+r3bGM=","mFxEDo9igVUD79++OPltikViHQTys+v49rGY91UEl48=","VsAwZrTWCU9kqmvo0D0c94H7LdJ82RxEhfT73145uWQ=","+TThctZ1ijDJFNWIPVpEugv7eGokjtjp04w1rP8NmJg=","9ruF7Hr9G2eKJCv+Kt7NESCutolNps3hLcblShHnbPY=","/1VH0pkcjZa59h/NEfu9tgnrmm3cCvD9yzi/fqMzdDE=","G6E6Q+vMEswNp8J5BeQP5S8PQWP5VhyDiTCf24PGXPg=","zCuDzPLbLtJZvOocVx3L7XGzuF7VkWojbI1Ggj1M0vM=","PTvHK/mcb09uFeT9Emr+sjN0ZXUW03uYTK0ZZvSeoxY=","pJ+T1T7C3R5of3PzXn5WtnBBt+fHHi8fo8YO4O6J29Q=","HJzlZAWcSKsxI0C9VYucef0COHN5nD3PNbBJ0cR18Es=","UXwnvQ4HCMh77IfX4IrF0mwSOeaCrOQrndIC9aPly5E=","7juPkaKtkZM+62ux2l9pC4J5IO/JzdpvYsQtFFBIVHs=","0SAZy6l8SF14yTM94IKlz2Nd0pYKkjl8xlPgtpXmrHc=","s7RF8xJmZfmwo4ra9ydp4APZUiSjA9OvzVgYGb3Qtnk=","HnxGccTWQ9cMjzIwst95tS96pqAjcP9d/fb2Rui6g2A=","8Vse3U9HfJfKka8HlR3aUXMc0Qwq0a6lUmOeGjFH5io=","+seI3j5jxtcSlxScmI5cwZ4CktkixaHMDBUfl4BIfo0=","LOkaGuNoIgePD4zSqgeMxhEMLflO47+ROtqvgTJ1CeI=","6WSwHkiVHZSc2Fr/Ooa6+87G9opyh/+mtIlDhSQN+HI=","wXYnG5UoaT52wvC23SXa6a13eUlAm9jXmk3Erz1tr5c=","v74gRwWbPymAO0JpPYibOAITdZSzjkj8ACn9c2il+/Q=","zInfyZZEeiuNeCzQx1Vjr+JwfobGuz19lx8sZ7qGDNE="],"block_size":4096,"path":"vendor/eslint/eslint.js"},{"block_hashes":["24Py7eZ/Ns+rHqByHqLul1FYY+mmU0aIHzBeQwRRzJE="],"block_size":4096,"path":"vendor/eslint/LICENSE"},{"block_hashes":["HPLICiQ6wfHtZ50xfYtc6hPOseMiREfTnGaDPbhIfDA=","J2XHhPSpy5IVR6C7eec0CzfzEaeh9W2PxAwz30pMO6k=","5D4gs35Erza9zf3z/O6SyBCNDTaC1I6Ga/lrjxwcb/s="],"block_size":4096,"path":"vendor/forge-sha256/forge-sha256.js"},{"block_hashes":["O+K7Rn2cmbK4Qw5Nq/XmGPGU1mwfrJIygjSmXp1ZOjg="],"block_size":4096,"path":"vendor/forge-sha256/LICENSE"},{"block_hashes":["YMdLdQN4HQYtI2ponJ/Bn88rYOszGSncWhRV/Eilflc=","Z9IroAEUCJhL8h/vWrb042WOsTX+laeEsx//duQpmNA=","qsu666TjbW+0DyHYSJo5CtvHgiUebqP68zLGLCwrkuY=","N2ntBYBUqxSe0HdfiKJRcsB1iOex8ZNoL22TarkFTFA=","ItZFS8HCMaR/9HI84nzYgt/MFNsyJSUtFZSLhUqUDZM=","RRHvHsMGsm+xy8uwjXX8ayxNrFEAPL1j/b11IhlBZeU=","ZzCDATgn5RnqIqinufXLJ1Y6GVZcPi0y2pZ05HXmWiM=","ImXE24dh5HMDArMGwjQly78Qy85apFI1cL+o11oL6QM=","3qHIu8LiKxsl1T56bbHG6Ymb8u5ljJYfAq3sfn2i03o=","cnmh/vL6Wy7h0Q5hTvRGcsKxH+62bBqX3oKs+c076qc=","10RzZHJLYWtQA1ysN83oCy1bZoL0cur9v+1ybW+vNCQ=","eyg/KEiIWRCl5uEkgBjZeylBl/FMgQTKCoB1zBWEj0Q=","+p0Wok5NEVjxKc1tMsdW8Fq0WJHfbKCBfy9YCRThy6w=","XojLBH+w5cufP39S67If9KdPzjt7ftvayiBz9AM6vsM=","bTcOnL0FPyMRq119so99DsGdSzrZEHIc3Jm6TibYIl0=","c/M+10G7V9usxTWWW34XwWPtq9LMOxaRdfPT/ustZ1Q=","upYkUFMcEiXJHYAGsVRhJjOhi2bgaoLz5WugsjRhUCA=","8LGRl5ruC1hIPg85lsit6WExzdC//aYPM3MXVYzoXbI=","VBjbh8honlxQxxV9IeDjny+Iq8gc3jQ5SFEEaKUyToo=","9xoCPA9tdBanH0/LukZKPoSSXYBN8oT4vTNVPgmEc7k=","heamuBz24BseGZ+vEk2xBBzlXxAecvv2l3AIwHFCX1M="],"block_size":4096,"path":"vendor/jquery.js"},{"block_hashes":["gDYz7cubkPz/NMKY3Tb1dhn3RaDtWIWB/6u0Ah8O4Y4=","O488q2YGyrfvh6cllQJdi5EXwsCKdS41AyCzEANkccc=","flvY9YWDeJnmceFiAQSVPM5OkCLwm4PWyxMTFww3Mzg="],"block_size":4096,"path":"vendor/jsdiff/diff.js"},{"block_hashes":["2wdOOOjquKLe2vFGzY/hgKOb8FTQpvvOZ4xgAu9ufXk=","+oTnRJ6NspkqY/9DrghOf6NLyI7smd26omPPg3jlngs=","TXia/Q3fxw15r0RNJXFQ+SPhYX48x9twtJnW/G+/9zs=","jiwv4uNozXK93StvBbSGbJITfVKHfuA/33SkakMSr/c=","IE88UGQcZJip5GVO1d2GxHr43gmvSdD2eg9Ux6TZcPI=","VbpOmFCnvU70k27zfOrhzLtwaq27ITJX3hyBiyEALpI=","j3ZRoOw23vPadCcFk1iDCgDLbk8VCwmzH0dvXMrZtjQ=","PF4v2UMG9q6WUoP5kbRZUiRuMwPb73SQ1rCJVAKhA24=","12iv559z1BWt+CF9rm5taidI7g4u6LFqCO7JWyTILLQ=","HwdwAeCF+0tvgQjOXk2jwGQtIIxCNtxbg28LTY9Fre0=","sKIRZ+NGT4meflDZxB+MzOn+iGEXqLoBQnZAAh4ZefE=","oMrHEbGdQZB+/4A5P+MrVgtToLZ1tMxWDn66AthAs1o=","Rd/Ellepdzd1riOrX4Z7BbNu581w3mhsuDKmm0RvNx0=","d2jgrcjRl17nbCXTd+SJJ2hHqY/Qja66nokzjcMQaDo=","hOowjA4Id67ZN6lYW+oFx7NAO9UEFQJMnvH5bTf0SEU=","YmWZA4SauzMjY0SRtrYQJ77aWrL36XPcAkOkuJ/ZInA=","zTlrRC7xPWRTldGmSGkKSPImAiuGMMNJBTDcwkfNxrE=","UQqF1yytcbsXpZ9PNY1P/zH8vsrYNL3d3TsDN7+TsHs=","lYH6+Znx9SHoydcv0RJyOv8TNE/dwWJ9POODWNO5Z38=","Sl4Cx+vWSjGbvGkH6ZTy/c162A8w4qvLLwQOLuBhujA=","9o1edPsbi+Z46dfnvHXdK+M0GmyirUf1D9ay8LayDC8=","atgu4H27w5jNW+SFdMTmk9dI41kVIhvEJNgLuKig2Wk=","q1EmkJMu24469aRuwrotTwbBS3h+C9uNQ7Bn3n7JNKk=","NWbJKnNqX1QokjnSQ2dnsy9Cm9hrmLZnTAi+f4HCB/w=","lDav/DLkiyMkK/nss8EcxeA5PzDBVLBOR80XsdVxTEU="],"block_size":4096,"path":"vendor/jszip/jszip.js"},{"block_hashes":["tpMKzclPXSAxgbxaLR8ORqAywrddFFc26hyi2aCBH5M="],"block_size":4096,"path":"vendor/saveas/filesaver.js"},{"block_hashes":["rN/SSo5akzBVMmsjWwhhH3WbpOIA1CpFWluN/TZ2sec="],"block_size":4096,"path":"vendor/saveas/LICENSE.md"},{"block_hashes":["c3U8Pjy/MyBLpL3IIJXwYkxovf0xBxUW7WGBDppfGF0="],"block_size":4096,"path":"worker/lint.js"},{"block_hashes":["yPXDhmZ8WId/NDMvaRvy5Sq26NzbcmQNnMSKgZB0zzg=","pt9AlsAF21J+9z0eGbs6eVho4zpoiWMssbUZJRdFy0Y=","aqaE/vxadU3xCd6+3mi4R0ZTyGwFKW3kzaffmFapUQ4="],"block_size":4096,"path":"xmlhttprequest.js"}],"version":2}