{
    "zh-CN": {
        "Add current URL to vim-like marks": "为当前URL设置类VIM标示",
        "Apply proxy info from clipboard": "应用剪贴板中的代理信息",
        "Backward 20 lines": "往上20行",
        "Backward cycle through the candidates.": "切回上一个条目",
        "Backward to next char.": "往后查找字符",
        "Bookmark current page to selected folder": "收藏当前页面",
        "Capture current full page": "截长屏",
        "Capture current page": "截屏",
        "Capture scrolling element": "截当前滚动元素",
        "Change scroll target": "切换滚动目标",
        "Choose a tab": "选择标签页",
        "Chrome URLs": "Chrome内置功能",
        "Click on an Image or a button": "点击图片或按钮",
        "Click on node under cursor.": "点击光标下的元素",
        "Click on the next link on current page": "点击当前页上的下一页链接",
        "Click on the previous link on current page": "点击当前页上的上一页链接",
        "Clipboard": "剪贴板",
        "Close Downloads Shelf": "关闭下载完毕的提示框",
        "Close Omnibar": "关闭搜索栏",
        "Close all tabs except current one": "关闭当前标签页之外的所有标签页",
        "Close all tabs on left": "关闭左侧所有标签页",
        "Close all tabs on right": "关闭右侧所有标签页",
        "Close current tab": "关闭当前标签页",
        "Close tab on left": "关闭左侧标签页",
        "Close tab on right": "关闭右侧标签页",
        "Copy a column of a table": "复制表格的一列",
        "Copy a link URL to the clipboard": "复制链接",
        "Copy all listed items": "复制当前列出的结果",
        "Copy all query history of OmniQuery.": "复制所有翻译历史",
        "Copy current downloading URL": "复制当前正在下载的链接",
        "Copy current page's URL": "复制当前地址",
        "Copy current page's host": "复制当前域名",
        "Copy current page's source": "复制当前页源码",
        "Copy current page's title": "复制当前页标题",
        "Copy current settings": "复制当前设置",
        "Copy form data for POST on current page": "复制当前页的表单数据",
        "Copy form data in JSON on current page": "复制当前页的表单数据，用JSON格式",
        "Copy multiple columns of a table": "复制一个表格的多列",
        "Copy multiple link URLs to the clipboard": "选择复制多个链接",
        "Copy pre text": "复制pre文本",
        "Copy proxy info": "复制代理信息",
        "Create vim-like mark for selected item": "为选中项目创建类VIM标签",
        "Delete a word backwards": "删除光标前一个单词",
        "Delete a word forwards": "删除光标后一个单词",
        "Delete all entered characters before the cursor": "删除光标前的所有字符",
        "Delete all listed item from bookmark or history.": "从收藏夹或访问历史中删除所有列出条目",
        "Delete all listed items from bookmark or history": "从收藏夹或访问记录中删除当前列出的结果",
        "Delete focused item from bookmark or history": "从收藏夹或访问历史中删除选中条目",
        "Delete history older than 30 days": "删除30天前的所有访问历史记录",
        "Duplicate current tab": "复制当前标签页",
        "Duplicate current tab in background": "在后台复制当前标签页",
        "Edit Settings": "编辑设置",
        "Edit current URL with vim editor, and open in new tab": "用VIM编辑器编辑当前地址，并在新标签页打开",
        "Edit current URL with vim editor, and reload": "用VIM编辑器编辑当前地址，并刷新",
        "Edit selected URL with vim editor, then open": "用VIM编辑器编辑选中URL再打开",
        "Enter visual mode, and select whole element": "进入可视模式，并全选指定文本",
        "Exit insert mode": "退出插入模式",
        "Fill form with data from yf": "用yf复制出来的结果填充表单",
        "Find in current page": "在当前页查找",
        "Find selected text in current page": "在当前页查找选中文本",
        "Focus top window": "聚焦到主窗口",
        "Forward 20 lines": "向下20行",
        "Forward cycle through the candidates.": "切到下一个条目",
        "Forward to next char.": "往前查找字符",
        "Go back in history": "后退",
        "Go forward in history": "前进",
        "Go one tab history back": "返回前一个标签页",
        "Go one tab history forward": "往后一个标签页",
        "Go one tab left": "跳到左侧标签页",
        "Go one tab right": "跳到右侧标签页",
        "Go to Other end of highlighted text": "把光标定位到高亮区域到另一端",
        "Go to edit box": "选择输入框",
        "Go to edit box with vim editor": "选择输入框，并打开VIM编辑器",
        "Go to first activated tab": "跳到最早的那个标签页",
        "Go to last activated tab": "跳到最新的那个标签页",
        "Go to last used tab": "切换到最近使用的前一个标签页",
        "Go to root of current URL hierarchy": "跳到当前地址的根路径",
        "Go to the first edit box": "跳到第一个输入框",
        "Go to the first tab": "跳到第一个标签页",
        "Go to the last tab": "跳到最后一个标签页",
        "Go up one path in the URL": "跳到当前地址的上一级",
        "Help": "帮助",
        "Input emoji": "输入字符表情",
        "Insert Mode": "插入模式",
        "Insert jquery library on current page": "在当前页插入jQuery",
        "Jump to vim-like mark": "访问类VIM标签",
        "Jump to vim-like mark in new tab.": "在新标签页里访问类VIM标签",
        "Mermaid diagram generator": "打开Mermaid图形生成器",
        "Misc": "其它",
        "More help": "更多帮助",
        "Mouse Click": "鼠标点击",
        "Mouse out elements.": "触发元素的鼠标移出事件",
        "Mouse over elements.": "触发元素的鼠标移入事件",
        "Move current tab to left": "往左移动当前标签页",
        "Move current tab to right": "往右移动当前标签页",
        "Move the cursor Backward 1 word": "把光标往后移一个单词",
        "Move the cursor Forward 1 word": "把光标往前移一个单词",
        "Move the cursor to the beginning of the line": "把光标放到行首",
        "Move the cursor to the end of the line": "把光标放到行尾",
        "New window with current tab": "把当前标签页移入新窗口",
        "Next found text": "下一处",
        "Omnibar": "搜索栏",
        "Omnibar Mode": "搜索栏模式",
        "Open Chrome About": "打开关于",
        "Open Chrome Bookmarks": "打开收藏夹",
        "Open Chrome Cache": "打开缓存",
        "Open Chrome Cookies": "打开Cookies",
        "Open Chrome Downloads": "打开下载",
        "Open Chrome Extensions": "打开扩展",
        "Open Chrome History": "打开历史记录",
        "Open Chrome Inspect": "打开审查元素",
        "Open Chrome net-internals": "打开net-internals",
        "Open Search with alias b": "打开百度搜索栏",
        "Open Search with alias d": "打开duckduckgo搜索栏",
        "Open Search with alias g": "打开谷歌搜索栏",
        "Open Search with alias w": "打开必应搜索栏",
        "Open Search with alias y": "打开Youtube搜索栏",
        "Open URL from history": "打开搜索栏查找访问历史",
        "Open URL from vim-like marks": "打开搜索栏查找类VIM标签",
        "Open a URL": "打开网页",
        "Open a URL in current tab": "在当前标签页打开网页",
        "Open a bookmark": "打开一个收藏",
        "Open a link in active new tab": "在新标签页打开链接",
        "Open a link in non-active new tab": "在新标签页后台打开链接",
        "Open a link, press SHIFT to flip hints if they are overlapped.": "打开链接，如果拨号键有重叠按SHIFT",
        "Open commands": "打开命令",
        "Open detected links from text": "打开文字中的超级链接",
        "Open incognito window": "打开隐身窗口",
        "Open multiple links in a new tab": "在新标签页打开多个链接",
        "Open newtab": "打开新标签",
        "Open omnibar for word translation": "打开搜索栏查单词",
        "Open opened URL in current tab": "打开搜索栏查找当前标签页访问过的所有网址",
        "Open recently closed URL": "打开搜索栏查找最近关闭的网址",
        "Open selected link or link from clipboard": "打开选中的网址或系统剪贴板里的网址",
        "Open vim editor for current input": "打开VIM编辑器编辑当前输入",
        "Page Navigation": "网页浏览",
        "Paste html on current page": "在当前页粘贴HTML",
        "Preview markdown": "预览markdown",
        "Previous found text": "上一处",
        "Proxy": "代理",
        "Query word with Hints": "选词翻译",
        "Re-sort history by visitCount or lastVisitTime": "按访问次数或最近访问时间重现排序",
        "Read selected text": "电脑语音阅读选中文本",
        "Read selected text or text from clipboard": "电脑语音阅读选中文本或剪贴板里的文本",
        "Reload current page without hash fragment": "移除当前网址中#后的所有部分",
        "Reload current page without query string(all parts after question mark)": "移除当前网址中的查询参数（问号后的所有部分）",
        "Reload the page": "刷新当前页",
        "Remove bookmark for current page": "从收藏夹里删除当前网址",
        "Repeat last action": "重复最近一次操作",
        "Repeat latest f, F": "重复相应的f/F",
        "Repeat latest f, F in opposite direction": "反向重复相应的f/F",
        "Reset scroll target": "重置滚动目标",
        "Restore closed tab": "恢复刚关闭的标签页",
        "Restore last session": "恢复最近一次会话",
        "Restore settings data from clipboard": "从剪贴板恢复数据",
        "Restore visual mode": "恢复可视模式",
        "Save session and quit": "保存会话并退出",
        "Scroll Page / Element": "滚动页面／元素",
        "Scroll a page down": "向下滚动一页",
        "Scroll a page up": "向上滚动一页",
        "Scroll all the way to the left": "滚到最左边",
        "Scroll all the way to the right": "滚到最右边",
        "Scroll down": "向下滚动",
        "Scroll left": "向左滚动",
        "Scroll right": "向右滚动",
        "Scroll to percentage of current page": "滚动百分之x",
        "Scroll to the bottom of the page": "滚到最下边",
        "Scroll to the top of the page": "滚到最上边",
        "Scroll up": "向上滚动",
        "Search selected with": "搜索选中文本",
        "Search selected with baidu": "用百度搜索选中文本",
        "Search selected with bing": "用必应搜索选中文本",
        "Search selected with duckduckgo": "用duckduckgo搜索选中文本",
        "Search selected with github": "用github搜索选中文本",
        "Search selected with google": "用谷歌搜索选中文本",
        "Search selected with stackoverflow": "用stackoverflow搜索选中文本",
        "Search word under the cursor": "查找光标下的单词",
        "Select a word(w) or line(l) or sentence(s) or paragraph(p)": "选中一个单词(w)／行(l)／句子(s)／段落(p)",
        "Sessions": "会话",
        "Settings": "设置",
        "Show last action": "显示最近一次操作",
        "Show me the money": "这是个测试！",
        "Show results of next page": "显示下一页搜索结果",
        "Show results of previous page": "显示上一页搜索结果",
        "Show usage": "查看帮助",
        "Switch frames": "切换frames",
        "Tabs": "标签页",
        "Toggle Omnibar's position": "切换搜索栏位置",
        "Toggle PDF viewer from SurfingKeys": "切换PDF阅读器",
        "Toggle SurfingKeys on current site": "在当前网站开关SurfingKeys",
        "Toggle proxy for current site": "为当前网址开关代理",
        "Toggle quotes in an input element": "给当前输入加双引号",
        "Toggle visual mode": "切换可视模式",
        "Translate selected text with google": "用谷歌翻译选中文本",
        "Translate word under cursor": "翻译光标下的单词",
        "View page source": "查看网页源码",
        "Visual Mode": "可视模式",
        "Yank a word(w) or line(l) or sentence(s) or paragraph(p)": "复制一个单词(w)／行(l)／句子(s)／段落(p)",
        "Yank text of an element": "选择复制指定文本",
        "Yank text of an input": "复制输入框中内容",
        "Yank text of multiple elements": "选择复制多个指定文本",
        "backward character": "后退一个字符",
        "backward documentboundary": "跳到页面开头",
        "backward line": "上一行",
        "backward lineboundary": "跳到行首",
        "backward paragraphboundary": "后退一个段落",
        "backward sentence": "后退一个句子",
        "backward word": "后退一个单词",
        "enter PassThrough mode to temporarily suppress SurfingKeys": "进入PassThrough模式，暂时放弃SurfingKeys",
        "enter ephemeral PassThrough mode to temporarily suppress SurfingKeys": "进入PassThrough模式，暂时放弃SurfingKeys, 1秒后恢复",
        "forward character": "前进一个字符",
        "forward documentboundary": "跳到页面结尾",
        "forward line": "下一行",
        "forward lineboundary": "跳到行尾",
        "forward paragraphboundary": "前进一个段落",
        "forward sentence": "前进一个句子",
        "forward word": "前进一个单词",
        "make cursor at center of window.": "把光标所在的位置放在屏幕中间",
        "mouse out last element": "把鼠标移出最近的元素",
        "mute/unmute current tab": "静音／解除静音当前标签页",
        "pin/unpin current tab": "固定／解除固定当前标签页",
        "quit chrome": "退出Chrome",
        "set proxy mode `always`": "一直使用代理",
        "set proxy mode `byhost`": "只针对加入列表的站点使用代理",
        "set proxy mode `clear`": "Surfingkeys放弃代理设置",
        "set proxy mode `direct`": "不使用代理",
        "set proxy mode `system`": "使用系统设置",
        "show failed web requests of current page": "显示当前页失败的请求",
        "vim-like marks": "类VIM标签",
        "zoom in": "放大页面",
        "zoom out": "缩小页面",
        "zoom reset": "重置缩放比例"
    }
}
